SubBlock,BlockID,parameter,R0,R1,defval_mask,param_mask,param_minbit,reg_mask,reg_id
DigitalHalf,0,Adc_TH,96,37,0,15,0,240,0
DigitalHalf,0,ByPassCh0,102,37,0,1,0,16,0
DigitalHalf,0,ByPassCh17,102,37,0,1,0,32,0
DigitalHalf,0,ByPassCh35,102,37,0,1,0,64,0
DigitalHalf,0,CmdSelEdge,96,37,4,1,0,4,0
DigitalHalf,0,IdleFrame,99,37,204,255,0,255,0
DigitalHalf,0,IdleFrame,100,37,204,65280,8,255,1
DigitalHalf,0,IdleFrame,101,37,204,16711680,16,255,2
DigitalHalf,0,IdleFrame,102,37,12,251658240,24,15,3
DigitalHalf,0,L1Offset,97,37,0,256,8,128,0
DigitalHalf,0,L1Offset,98,37,8,255,0,255,1
DigitalHalf,0,MultFactor,97,37,25,31,0,31,0
DigitalHalf,0,SelRawData,96,37,1,1,0,1,0
DigitalHalf,0,SelTC4,96,37,2,1,0,2,0
DigitalHalf,0,Tot_P0,107,37,0,127,0,127,0
DigitalHalf,0,Tot_P1,108,37,0,127,0,127,0
DigitalHalf,0,Tot_P2,109,37,0,127,0,127,0
DigitalHalf,0,Tot_P3,110,37,0,127,0,127,0
DigitalHalf,0,Tot_TH0,103,37,0,255,0,255,0
DigitalHalf,0,Tot_TH1,104,37,0,255,0,255,0
DigitalHalf,0,Tot_TH2,105,37,0,255,0,255,0
DigitalHalf,0,Tot_TH3,106,37,0,255,0,255,0
DigitalHalf,1,Adc_TH,96,5,0,15,0,240,0
DigitalHalf,1,ByPassCh0,102,5,0,1,0,16,0
DigitalHalf,1,ByPassCh17,102,5,0,1,0,32,0
DigitalHalf,1,ByPassCh35,102,5,0,1,0,64,0
DigitalHalf,1,CmdSelEdge,96,5,4,1,0,4,0
DigitalHalf,1,IdleFrame,99,5,204,255,0,255,0
DigitalHalf,1,IdleFrame,100,5,204,65280,8,255,1
DigitalHalf,1,IdleFrame,101,5,204,16711680,16,255,2
DigitalHalf,1,IdleFrame,102,5,12,251658240,24,15,3
DigitalHalf,1,L1Offset,97,5,0,256,8,128,0
DigitalHalf,1,L1Offset,98,5,8,255,0,255,1
DigitalHalf,1,MultFactor,97,5,25,31,0,31,0
DigitalHalf,1,SelRawData,96,5,1,1,0,1,0
DigitalHalf,1,SelTC4,96,5,2,1,0,2,0
DigitalHalf,1,Tot_P0,107,5,0,127,0,127,0
DigitalHalf,1,Tot_P1,108,5,0,127,0,127,0
DigitalHalf,1,Tot_P2,109,5,0,127,0,127,0
DigitalHalf,1,Tot_P3,110,5,0,127,0,127,0
DigitalHalf,1,Tot_TH0,103,5,0,255,0,255,0
DigitalHalf,1,Tot_TH1,104,5,0,255,0,255,0
DigitalHalf,1,Tot_TH2,105,5,0,255,0,255,0
DigitalHalf,1,Tot_TH3,106,5,0,255,0,255,0
GlobalAnalog,0,Cf,41,37,4,15,0,15,0
GlobalAnalog,0,Cf_comp,40,37,32,3,0,48,0
GlobalAnalog,0,Clr_ADC,42,37,0,1,0,16,0
GlobalAnalog,0,Clr_ShaperTail,42,37,0,1,0,2,0
GlobalAnalog,0,Dac_itot,34,37,192,63,0,252,0
GlobalAnalog,0,Dac_vbi_pa,33,37,128,63,0,252,0
GlobalAnalog,0,Dac_vbo_pa,32,37,128,63,0,252,0
GlobalAnalog,0,Delay40,45,37,0,7,0,28,0
GlobalAnalog,0,Delay65,45,37,0,7,0,224,0
GlobalAnalog,0,Delay87,46,37,0,7,0,28,0
GlobalAnalog,0,Delay9,46,37,0,7,0,224,0
GlobalAnalog,0,En_hyst_tot,40,37,8,1,0,8,0
GlobalAnalog,0,Ibi_inv,36,37,0,3,0,3,0
GlobalAnalog,0,Ibi_inv_buf,38,37,3,3,0,3,0
GlobalAnalog,0,Ibi_noinv,37,37,0,3,0,3,0
GlobalAnalog,0,Ibi_noinv_buf,39,37,3,3,0,3,0
GlobalAnalog,0,Ibi_sk,35,37,0,3,0,3,0
GlobalAnalog,0,Ibo_inv,36,37,40,63,0,252,0
GlobalAnalog,0,Ibo_inv_buf,38,37,152,63,0,252,0
GlobalAnalog,0,Ibo_noinv,37,37,40,63,0,252,0
GlobalAnalog,0,Ibo_noinv_buf,39,37,152,63,0,252,0
GlobalAnalog,0,Ibo_sk,35,37,40,63,0,252,0
GlobalAnalog,0,Neg,40,37,64,1,0,64,0
GlobalAnalog,0,ON_pa,32,37,2,1,0,2,0
GlobalAnalog,0,ON_ref_adc,46,37,1,1,0,1,0
GlobalAnalog,0,ON_rtr,33,37,1,1,0,1,0
GlobalAnalog,0,ON_time,33,37,2,1,0,2,0
GlobalAnalog,0,ON_toa,34,37,1,1,0,1,0
GlobalAnalog,0,ON_tot,34,37,2,1,0,2,0
GlobalAnalog,0,Pol_adc,46,37,2,1,0,2,0
GlobalAnalog,0,Pol_trig_toa,40,37,128,1,0,128,0
GlobalAnalog,0,Rc,40,37,1,3,0,3,0
GlobalAnalog,0,Ref_adc,45,37,0,3,0,3,0
GlobalAnalog,0,Rf,41,37,80,15,0,240,0
GlobalAnalog,0,S_inv,43,37,8,7,0,28,0
GlobalAnalog,0,S_inv_buf,44,37,24,7,0,28,0
GlobalAnalog,0,S_noinv,43,37,64,7,0,224,0
GlobalAnalog,0,S_noinv_buf,44,37,192,7,0,224,0
GlobalAnalog,0,S_sk,42,37,64,7,0,224,0
GlobalAnalog,0,SelExtADC,42,37,0,1,0,8,0
GlobalAnalog,0,SelRisingEdge,42,37,4,1,0,4,0
GlobalAnalog,0,Sel_input_toa,40,37,0,1,0,4,0
GlobalAnalog,1,Cf,41,5,4,15,0,15,0
GlobalAnalog,1,Cf_comp,40,5,32,3,0,48,0
GlobalAnalog,1,Clr_ADC,42,5,0,1,0,16,0
GlobalAnalog,1,Clr_ShaperTail,42,5,0,1,0,2,0
GlobalAnalog,1,Dac_itot,34,5,192,63,0,252,0
GlobalAnalog,1,Dac_vbi_pa,33,5,128,63,0,252,0
GlobalAnalog,1,Dac_vbo_pa,32,5,128,63,0,252,0
GlobalAnalog,1,Delay40,45,5,0,7,0,28,0
GlobalAnalog,1,Delay65,45,5,0,7,0,224,0
GlobalAnalog,1,Delay87,46,5,0,7,0,28,0
GlobalAnalog,1,Delay9,46,5,0,7,0,224,0
GlobalAnalog,1,En_hyst_tot,40,5,8,1,0,8,0
GlobalAnalog,1,Ibi_inv,36,5,0,3,0,3,0
GlobalAnalog,1,Ibi_inv_buf,38,5,3,3,0,3,0
GlobalAnalog,1,Ibi_noinv,37,5,0,3,0,3,0
GlobalAnalog,1,Ibi_noinv_buf,39,5,3,3,0,3,0
GlobalAnalog,1,Ibi_sk,35,5,0,3,0,3,0
GlobalAnalog,1,Ibo_inv,36,5,40,63,0,252,0
GlobalAnalog,1,Ibo_inv_buf,38,5,152,63,0,252,0
GlobalAnalog,1,Ibo_noinv,37,5,40,63,0,252,0
GlobalAnalog,1,Ibo_noinv_buf,39,5,152,63,0,252,0
GlobalAnalog,1,Ibo_sk,35,5,40,63,0,252,0
GlobalAnalog,1,Neg,40,5,64,1,0,64,0
GlobalAnalog,1,ON_pa,32,5,2,1,0,2,0
GlobalAnalog,1,ON_ref_adc,46,5,1,1,0,1,0
GlobalAnalog,1,ON_rtr,33,5,1,1,0,1,0
GlobalAnalog,1,ON_time,33,5,2,1,0,2,0
GlobalAnalog,1,ON_toa,34,5,1,1,0,1,0
GlobalAnalog,1,ON_tot,34,5,2,1,0,2,0
GlobalAnalog,1,Pol_adc,46,5,2,1,0,2,0
GlobalAnalog,1,Pol_trig_toa,40,5,128,1,0,128,0
GlobalAnalog,1,Rc,40,5,1,3,0,3,0
GlobalAnalog,1,Ref_adc,45,5,0,3,0,3,0
GlobalAnalog,1,Rf,41,5,80,15,0,240,0
GlobalAnalog,1,S_inv,43,5,8,7,0,28,0
GlobalAnalog,1,S_inv_buf,44,5,24,7,0,28,0
GlobalAnalog,1,S_noinv,43,5,64,7,0,224,0
GlobalAnalog,1,S_noinv_buf,44,5,192,7,0,224,0
GlobalAnalog,1,S_sk,42,5,64,7,0,224,0
GlobalAnalog,1,SelExtADC,42,5,0,1,0,8,0
GlobalAnalog,1,SelRisingEdge,42,5,4,1,0,4,0
GlobalAnalog,1,Sel_input_toa,40,5,0,1,0,4,0
MasterTdc,0,BIAS_CAL_DAC_CTDC_P_D,68,37,0,3,0,3,0
MasterTdc,0,BIAS_CAL_DAC_CTDC_P_D,71,37,0,12,2,192,1
MasterTdc,0,BIAS_CAL_DAC_CTDC_P_EN,72,37,0,1,0,128,0
MasterTdc,0,BIAS_CAL_DAC_FTDC_P_D,74,37,0,3,0,3,0
MasterTdc,0,BIAS_CAL_DAC_FTDC_P_D,78,37,0,12,2,192,1
MasterTdc,0,BIAS_CAL_DAC_FTDC_P_EN,77,37,0,1,0,128,0
MasterTdc,0,BIAS_FOLLOWER_CAL_P_D,66,37,0,15,0,15,0
MasterTdc,0,BIAS_FOLLOWER_CAL_P_EN,66,37,0,1,0,16,0
MasterTdc,0,BIAS_I_CTDC_D,69,37,48,63,0,126,0
MasterTdc,0,BIAS_I_FTDC_D,75,37,48,63,0,126,0
MasterTdc,0,CALIB_CHANNEL_DLL,66,37,0,1,0,128,0
MasterTdc,0,CTDC_CALIB_FREQUENCY,68,37,8,63,0,252,0
MasterTdc,0,CTRL_IN_REF_CTDC_P_D,71,37,0,5,0,31,0
MasterTdc,0,CTRL_IN_REF_CTDC_P_EN,71,37,0,1,0,32,0
MasterTdc,0,CTRL_IN_REF_FTDC_P_D,78,37,0,31,0,31,0
MasterTdc,0,CTRL_IN_REF_FTDC_P_EN,78,37,0,1,0,32,0
MasterTdc,0,CTRL_IN_SIG_CTDC_P_D,72,37,0,31,0,31,0
MasterTdc,0,CTRL_IN_SIG_CTDC_P_EN,72,37,0,1,0,32,0
MasterTdc,0,CTRL_IN_SIG_FTDC_P_D,77,37,0,31,0,31,0
MasterTdc,0,CTRL_IN_SIG_FTDC_P_EN,77,37,0,1,0,32,0
MasterTdc,0,EN_MASTER_CTDC_DLL,67,37,128,1,0,128,0
MasterTdc,0,EN_MASTER_CTDC_VOUT_INIT,67,37,0,1,0,64,0
MasterTdc,0,EN_MASTER_FTDC_DLL,73,37,128,1,0,128,0
MasterTdc,0,EN_MASTER_FTDC_VOUT_INIT,73,37,0,1,0,64,0
MasterTdc,0,EN_REF_BG,75,37,1,1,0,1,0
MasterTdc,0,FOLLOWER_CTDC_EN,69,37,128,1,0,128,0
MasterTdc,0,FOLLOWER_FTDC_EN,75,37,128,1,0,128,0
MasterTdc,0,FTDC_CALIB_FREQUENCY,74,37,8,63,0,252,0
MasterTdc,0,GLOBAL_DISABLE_TOT_LIMIT,79,37,0,1,0,1,0
MasterTdc,0,GLOBAL_EN_BUFFER_CTDC,70,37,0,1,0,1,0
MasterTdc,0,GLOBAL_EN_BUFFER_FTDC,76,37,0,1,0,1,0
MasterTdc,0,GLOBAL_FORCE_EN_CLK,79,37,0,1,0,2,0
MasterTdc,0,GLOBAL_FORCE_EN_OUTPUT_DATA,79,37,0,1,0,4,0
MasterTdc,0,GLOBAL_FORCE_EN_TOT,79,37,0,1,0,8,0
MasterTdc,0,GLOBAL_INIT_DAC_B_CTDC,72,37,0,1,0,64,0
MasterTdc,0,GLOBAL_INIT_DAC_B_FTDC,77,37,0,1,0,64,0
MasterTdc,0,GLOBAL_LATENCY_TIME,65,37,20,15,0,30,0
MasterTdc,0,GLOBAL_MODE_FTDC_TOA_S0,65,37,0,1,0,32,0
MasterTdc,0,GLOBAL_MODE_FTDC_TOA_S1,65,37,64,1,0,64,0
MasterTdc,0,GLOBAL_MODE_NO_TOT_SUB,65,37,0,1,0,1,0
MasterTdc,0,GLOBAL_MODE_TOA_DIRECT_OUTPUT,69,37,0,1,0,1,0
MasterTdc,0,GLOBAL_SEU_TIME_OUT,65,37,128,1,0,128,0
MasterTdc,0,GLOBAL_TA_SELECT_GAIN_TOA,64,37,3,15,0,15,0
MasterTdc,0,GLOBAL_TA_SELECT_GAIN_TOT,64,37,48,15,0,240,0
MasterTdc,0,INV_FRONT_40MHZ,66,37,0,1,0,32,0
MasterTdc,0,START_COUNTER,66,37,64,1,0,64,0
MasterTdc,0,VD_CTDC_N_D,70,37,0,31,0,124,0
MasterTdc,0,VD_CTDC_N_DAC_EN,70,37,0,1,0,128,0
MasterTdc,0,VD_CTDC_N_FORCE_MAX,70,37,2,1,0,2,0
MasterTdc,0,VD_CTDC_P_D,67,37,0,31,0,31,0
MasterTdc,0,VD_CTDC_P_DAC_EN,67,37,0,1,0,32,0
MasterTdc,0,VD_FTDC_N_D,76,37,0,31,0,124,0
MasterTdc,0,VD_FTDC_N_DAC_EN,76,37,0,1,0,128,0
MasterTdc,0,VD_FTDC_N_FORCE_MAX,76,37,2,1,0,2,0
MasterTdc,0,VD_FTDC_P_D,73,37,0,31,0,31,0
MasterTdc,0,VD_FTDC_P_DAC_EN,73,37,0,1,0,32,0
MasterTdc,1,BIAS_CAL_DAC_CTDC_P_D,68,5,0,3,0,3,0
MasterTdc,1,BIAS_CAL_DAC_CTDC_P_D,71,5,0,12,2,192,1
MasterTdc,1,BIAS_CAL_DAC_CTDC_P_EN,72,5,0,1,0,128,0
MasterTdc,1,BIAS_CAL_DAC_FTDC_P_D,74,5,0,3,0,3,0
MasterTdc,1,BIAS_CAL_DAC_FTDC_P_D,78,5,0,12,2,192,1
MasterTdc,1,BIAS_CAL_DAC_FTDC_P_EN,77,5,0,1,0,128,0
MasterTdc,1,BIAS_FOLLOWER_CAL_P_D,66,5,0,15,0,15,0
MasterTdc,1,BIAS_FOLLOWER_CAL_P_EN,66,5,0,1,0,16,0
MasterTdc,1,BIAS_I_CTDC_D,69,5,48,63,0,126,0
MasterTdc,1,BIAS_I_FTDC_D,75,5,48,63,0,126,0
MasterTdc,1,CALIB_CHANNEL_DLL,66,5,0,1,0,128,0
MasterTdc,1,CTDC_CALIB_FREQUENCY,68,5,8,63,0,252,0
MasterTdc,1,CTRL_IN_REF_CTDC_P_D,71,5,0,5,0,31,0
MasterTdc,1,CTRL_IN_REF_CTDC_P_EN,71,5,0,1,0,32,0
MasterTdc,1,CTRL_IN_REF_FTDC_P_D,78,5,0,31,0,31,0
MasterTdc,1,CTRL_IN_REF_FTDC_P_EN,78,5,0,1,0,32,0
MasterTdc,1,CTRL_IN_SIG_CTDC_P_D,72,5,0,31,0,31,0
MasterTdc,1,CTRL_IN_SIG_CTDC_P_EN,72,5,0,1,0,32,0
MasterTdc,1,CTRL_IN_SIG_FTDC_P_D,77,5,0,31,0,31,0
MasterTdc,1,CTRL_IN_SIG_FTDC_P_EN,77,5,0,1,0,32,0
MasterTdc,1,EN_MASTER_CTDC_DLL,67,5,128,1,0,128,0
MasterTdc,1,EN_MASTER_CTDC_VOUT_INIT,67,5,0,1,0,64,0
MasterTdc,1,EN_MASTER_FTDC_DLL,73,5,128,1,0,128,0
MasterTdc,1,EN_MASTER_FTDC_VOUT_INIT,73,5,0,1,0,64,0
MasterTdc,1,EN_REF_BG,75,5,1,1,0,1,0
MasterTdc,1,FOLLOWER_CTDC_EN,69,5,128,1,0,128,0
MasterTdc,1,FOLLOWER_FTDC_EN,75,5,128,1,0,128,0
MasterTdc,1,FTDC_CALIB_FREQUENCY,74,5,8,63,0,252,0
MasterTdc,1,GLOBAL_DISABLE_TOT_LIMIT,79,5,0,1,0,1,0
MasterTdc,1,GLOBAL_EN_BUFFER_CTDC,70,5,0,1,0,1,0
MasterTdc,1,GLOBAL_EN_BUFFER_FTDC,76,5,0,1,0,1,0
MasterTdc,1,GLOBAL_FORCE_EN_CLK,79,5,0,1,0,2,0
MasterTdc,1,GLOBAL_FORCE_EN_OUTPUT_DATA,79,5,0,1,0,4,0
MasterTdc,1,GLOBAL_FORCE_EN_TOT,79,5,0,1,0,8,0
MasterTdc,1,GLOBAL_INIT_DAC_B_CTDC,72,5,0,1,0,64,0
MasterTdc,1,GLOBAL_INIT_DAC_B_FTDC,77,5,0,1,0,64,0
MasterTdc,1,GLOBAL_LATENCY_TIME,65,5,20,15,0,30,0
MasterTdc,1,GLOBAL_MODE_FTDC_TOA_S0,65,5,0,1,0,32,0
MasterTdc,1,GLOBAL_MODE_FTDC_TOA_S1,65,5,64,1,0,64,0
MasterTdc,1,GLOBAL_MODE_NO_TOT_SUB,65,5,0,1,0,1,0
MasterTdc,1,GLOBAL_MODE_TOA_DIRECT_OUTPUT,69,5,0,1,0,1,0
MasterTdc,1,GLOBAL_SEU_TIME_OUT,65,5,128,1,0,128,0
MasterTdc,1,GLOBAL_TA_SELECT_GAIN_TOA,64,5,3,15,0,15,0
MasterTdc,1,GLOBAL_TA_SELECT_GAIN_TOT,64,5,48,15,0,240,0
MasterTdc,1,INV_FRONT_40MHZ,66,5,0,1,0,32,0
MasterTdc,1,START_COUNTER,66,5,64,1,0,64,0
MasterTdc,1,VD_CTDC_N_D,70,5,0,31,0,124,0
MasterTdc,1,VD_CTDC_N_DAC_EN,70,5,0,1,0,128,0
MasterTdc,1,VD_CTDC_N_FORCE_MAX,70,5,2,1,0,2,0
MasterTdc,1,VD_CTDC_P_D,67,5,0,31,0,31,0
MasterTdc,1,VD_CTDC_P_DAC_EN,67,5,0,1,0,32,0
MasterTdc,1,VD_FTDC_N_D,76,5,0,31,0,124,0
MasterTdc,1,VD_FTDC_N_DAC_EN,76,5,0,1,0,128,0
MasterTdc,1,VD_FTDC_N_FORCE_MAX,76,5,2,1,0,2,0
MasterTdc,1,VD_FTDC_P_D,73,5,0,31,0,31,0
MasterTdc,1,VD_FTDC_P_DAC_EN,73,5,0,1,0,32,0
ReferenceVoltage,0,Calib_dac,6,37,0,255,0,255,0
ReferenceVoltage,0,Calib_dac,7,37,0,1792,8,7,1
ReferenceVoltage,0,ExtCtest,7,37,0,1,0,128,0
ReferenceVoltage,0,IntCtest,7,37,0,1,0,64,0
ReferenceVoltage,0,Inv_vref,1,37,0,3,0,12,0
ReferenceVoltage,0,Inv_vref,4,37,56,1020,2,255,1
ReferenceVoltage,0,Noinv_vref,1,37,0,3,0,3,0
ReferenceVoltage,0,Noinv_vref,5,37,40,1020,2,255,1
ReferenceVoltage,0,ON_dac,0,37,128,1,0,128,0
ReferenceVoltage,0,Probe_dc1,8,37,0,15,0,15,0
ReferenceVoltage,0,Probe_dc2,8,37,0,15,0,240,0
ReferenceVoltage,0,Probe_vrefcf,0,37,0,1,0,2,0
ReferenceVoltage,0,Probe_vrefpa,0,37,0,1,0,1,0
ReferenceVoltage,0,Refi,0,37,12,3,0,12,0
ReferenceVoltage,0,Toa_vref,1,37,0,3,0,48,0
ReferenceVoltage,0,Toa_vref,3,37,28,1020,2,255,1
ReferenceVoltage,0,Tot_vref,1,37,0,3,0,192,0
ReferenceVoltage,0,Tot_vref,2,37,108,1020,2,255,1
ReferenceVoltage,0,Vbg_1v,0,37,112,7,0,112,0
ReferenceVoltage,1,Calib_dac,6,5,0,255,0,255,0
ReferenceVoltage,1,Calib_dac,7,5,0,1792,8,7,1
ReferenceVoltage,1,ExtCtest,7,5,0,1,0,128,0
ReferenceVoltage,1,IntCtest,7,5,0,1,0,64,0
ReferenceVoltage,1,Inv_vref,1,5,0,3,0,12,0
ReferenceVoltage,1,Inv_vref,4,5,56,1020,2,255,1
ReferenceVoltage,1,Noinv_vref,1,5,0,3,0,3,0
ReferenceVoltage,1,Noinv_vref,5,5,40,1020,2,255,1
ReferenceVoltage,1,ON_dac,0,5,128,1,0,128,0
ReferenceVoltage,1,Probe_dc1,8,5,0,15,0,15,0
ReferenceVoltage,1,Probe_dc2,8,5,0,15,0,240,0
ReferenceVoltage,1,Probe_vrefcf,0,5,0,1,0,2,0
ReferenceVoltage,1,Probe_vrefpa,0,5,0,1,0,1,0
ReferenceVoltage,1,Refi,0,5,12,3,0,12,0
ReferenceVoltage,1,Toa_vref,1,5,0,3,0,48,0
ReferenceVoltage,1,Toa_vref,3,5,28,1020,2,255,1
ReferenceVoltage,1,Tot_vref,1,5,0,3,0,192,0
ReferenceVoltage,1,Tot_vref,2,5,108,1020,2,255,1
ReferenceVoltage,1,Vbg_1v,0,5,112,7,0,112,0
Top,0,BIAS_I_PLL_D,131,5,48,63,0,126,0
Top,0,DIV_PLL_A,129,5,0,1,0,2,0
Top,0,DIV_PLL_B,129,5,0,1,0,4,0
Top,0,EN-pE0,133,5,0,1,0,8,0
Top,0,EN-pE0_probe_pll,132,5,0,1,0,8,0
Top,0,EN-pE1,133,5,0,1,0,16,0
Top,0,EN-pE1_probe_pll,132,5,0,1,0,16,0
Top,0,EN-pE2,133,5,0,1,0,32,0
Top,0,EN1,133,5,1,1,0,1,0
Top,0,EN1_probe_pll,132,5,1,1,0,1,0
Top,0,EN2,133,5,2,1,0,2,0
Top,0,EN2_probe_pll,132,5,2,2,0,6,0
Top,0,EN3,133,5,0,1,0,4,0
Top,0,EN_HIGH_CAPA,129,5,0,1,0,8,0
Top,0,EN_LOCK_CONTROL,128,5,1,1,0,1,0
Top,0,EN_PLL,129,5,1,1,0,1,0
Top,0,EN_REF_BG,129,5,16,1,0,16,0
Top,0,EN_pE2_probe_pll,132,5,0,1,0,32,0
Top,0,ERROR_LIMIT_SC,128,5,4,7,0,14,0
Top,0,En_PhaseShift,135,5,1,1,0,1,0
Top,0,En_pll_ext,135,5,0,1,0,128,0
Top,0,FOLLOWER_PLL_EN,131,5,1,1,0,1,0
Top,0,OrbitSync_sc,128,5,0,1,0,128,0
Top,0,Phase,135,5,0,15,0,30,0
Top,0,PllLockedSc,128,5,32,1,0,32,0
Top,0,S0,133,5,0,1,0,64,0
Top,0,S0_probe_pll,132,5,0,1,0,64,0
Top,0,S1,133,5,0,1,0,128,0
Top,0,S1_probe_pll,132,5,0,1,0,128,0
Top,0,Sel_40M_ext,131,5,0,1,0,128,0
Top,0,Sel_L1_fcmd,134,5,2,1,0,2,0
Top,0,Sel_OrbitSync_fcmd,134,5,8,1,0,8,0
Top,0,Sel_PLL_Locked,128,5,16,1,0,16,0
Top,0,Sel_ReSync_fcmd,134,5,1,1,0,1,0
Top,0,Sel_STROBE_fcmd,134,5,4,1,0,4,0
Top,0,VOUT_INIT_EN,129,5,0,1,0,32,0
Top,0,VOUT_INIT_EXT_D,130,5,0,31,0,62,0
Top,0,VOUT_INIT_EXT_EN,130,5,0,1,0,1,0
calib,0,Adc_pedestal,76,34,0,255,0,255,0
calib,0,Channel_off,68,34,0,1,0,8,0
calib,0,DAC_CAL_CTDC_TOA,70,34,0,63,0,63,0
calib,0,DAC_CAL_CTDC_TOT,72,34,0,63,0,63,0
calib,0,DAC_CAL_FTDC_TOA,69,34,0,63,0,63,0
calib,0,DAC_CAL_FTDC_TOT,71,34,0,63,0,63,0
calib,0,DIS_TDC,74,34,0,1,0,128,0
calib,0,ExtData,75,34,0,768,8,3,0
calib,0,ExtData,77,34,0,255,0,255,1
calib,0,HighRange,68,34,0,1,0,4,0
calib,0,IN_FTDC_ENCODER_TOA,73,34,0,63,0,63,0
calib,0,IN_FTDC_ENCODER_TOT,74,34,0,63,0,63,0
calib,0,Inputdac,64,34,0,31,0,31,0
calib,0,Inputdacpol,64,34,0,1,0,32,0
calib,0,LowRange,68,34,0,1,0,2,0
calib,0,Mask_AlignBuffer,75,34,0,1,0,128,0
calib,0,Mask_adc,69,34,0,1,0,128,0
calib,0,Mask_toa,67,34,0,1,0,1,0
calib,0,Mask_tot,68,34,0,1,0,32,0
calib,0,Probe_inv,67,34,0,1,0,128,0
calib,0,Probe_noinv,66,34,0,1,0,1,0
calib,0,Probe_pa,68,34,0,1,0,1,0
calib,0,Probe_toa,68,34,0,1,0,128,0
calib,0,Probe_tot,68,34,0,1,0,64,0
calib,0,Ref_dac_inv,67,34,0,31,0,62,0
calib,0,Ref_dac_toa,65,34,0,27,0,62,0
calib,0,Ref_dac_tot,66,34,0,31,0,62,0
calib,0,Sel_trigger_toa,67,34,0,1,0,64,0
calib,0,Sel_trigger_tot,68,34,0,1,0,16,0
calib,1,Adc_pedestal,76,2,0,255,0,255,0
calib,1,Channel_off,68,2,0,1,0,8,0
calib,1,DAC_CAL_CTDC_TOA,70,2,0,63,0,63,0
calib,1,DAC_CAL_CTDC_TOT,72,2,0,63,0,63,0
calib,1,DAC_CAL_FTDC_TOA,69,2,0,63,0,63,0
calib,1,DAC_CAL_FTDC_TOT,71,2,0,63,0,63,0
calib,1,DIS_TDC,74,2,0,1,0,128,0
calib,1,ExtData,75,2,0,768,8,3,0
calib,1,ExtData,77,2,0,255,0,255,1
calib,1,HighRange,68,2,0,1,0,4,0
calib,1,IN_FTDC_ENCODER_TOA,73,2,0,63,0,63,0
calib,1,IN_FTDC_ENCODER_TOT,74,2,0,63,0,63,0
calib,1,Inputdac,64,2,0,31,0,31,0
calib,1,Inputdacpol,64,2,0,1,0,32,0
calib,1,LowRange,68,2,0,1,0,2,0
calib,1,Mask_AlignBuffer,75,2,0,1,0,128,0
calib,1,Mask_adc,69,2,0,1,0,128,0
calib,1,Mask_toa,67,2,0,1,0,1,0
calib,1,Mask_tot,68,2,0,1,0,32,0
calib,1,Probe_inv,67,2,0,1,0,128,0
calib,1,Probe_noinv,66,2,0,1,0,1,0
calib,1,Probe_pa,68,2,0,1,0,1,0
calib,1,Probe_toa,68,2,0,1,0,128,0
calib,1,Probe_tot,68,2,0,1,0,64,0
calib,1,Ref_dac_inv,67,2,0,31,0,62,0
calib,1,Ref_dac_toa,65,2,0,27,0,62,0
calib,1,Ref_dac_tot,66,2,0,31,0,62,0
calib,1,Sel_trigger_toa,67,2,0,1,0,64,0
calib,1,Sel_trigger_tot,68,2,0,1,0,16,0
ch,0,Adc_pedestal,172,32,0,255,0,255,0
ch,0,Channel_off,164,32,0,1,0,8,0
ch,0,DAC_CAL_CTDC_TOA,166,32,0,63,0,63,0
ch,0,DAC_CAL_CTDC_TOT,168,32,0,63,0,63,0
ch,0,DAC_CAL_FTDC_TOA,165,32,0,63,0,63,0
ch,0,DAC_CAL_FTDC_TOT,167,32,0,63,0,63,0
ch,0,DIS_TDC,170,32,0,1,0,128,0
ch,0,ExtData,171,32,0,768,8,3,0
ch,0,ExtData,173,32,0,255,0,255,1
ch,0,HighRange,164,32,0,1,0,4,0
ch,0,IN_FTDC_ENCODER_TOA,169,32,0,63,0,63,0
ch,0,IN_FTDC_ENCODER_TOT,170,32,0,63,0,63,0
ch,0,Inputdac,160,32,0,31,0,31,0
ch,0,Inputdacpol,160,32,0,1,0,32,0
ch,0,LowRange,164,32,0,1,0,2,0
ch,0,Mask_AlignBuffer,171,32,0,1,0,128,0
ch,0,Mask_adc,165,32,0,1,0,128,0
ch,0,Mask_toa,163,32,0,1,0,1,0
ch,0,Mask_tot,164,32,0,1,0,32,0
ch,0,Probe_inv,163,32,0,1,0,128,0
ch,0,Probe_noinv,162,32,0,1,0,1,0
ch,0,Probe_pa,164,32,0,1,0,1,0
ch,0,Probe_toa,164,32,0,1,0,128,0
ch,0,Probe_tot,164,32,0,1,0,64,0
ch,0,Ref_dac_inv,163,32,0,31,0,62,0
ch,0,Ref_dac_toa,161,32,0,27,0,62,0
ch,0,Ref_dac_tot,162,32,0,31,0,62,0
ch,0,Sel_trigger_toa,163,32,0,1,0,64,0
ch,0,Sel_trigger_tot,164,32,0,1,0,16,0
ch,1,Adc_pedestal,140,32,0,255,0,255,0
ch,1,Channel_off,132,32,0,1,0,8,0
ch,1,DAC_CAL_CTDC_TOA,134,32,0,63,0,63,0
ch,1,DAC_CAL_CTDC_TOT,136,32,0,63,0,63,0
ch,1,DAC_CAL_FTDC_TOA,133,32,0,63,0,63,0
ch,1,DAC_CAL_FTDC_TOT,135,32,0,63,0,63,0
ch,1,DIS_TDC,138,32,0,1,0,128,0
ch,1,ExtData,139,32,0,768,8,3,0
ch,1,ExtData,141,32,0,255,0,255,1
ch,1,HighRange,132,32,0,1,0,4,0
ch,1,IN_FTDC_ENCODER_TOA,137,32,0,63,0,63,0
ch,1,IN_FTDC_ENCODER_TOT,138,32,0,63,0,63,0
ch,1,Inputdac,128,32,0,31,0,31,0
ch,1,Inputdacpol,128,32,0,1,0,32,0
ch,1,LowRange,132,32,0,1,0,2,0
ch,1,Mask_AlignBuffer,139,32,0,1,0,128,0
ch,1,Mask_adc,133,32,0,1,0,128,0
ch,1,Mask_toa,131,32,0,1,0,1,0
ch,1,Mask_tot,132,32,0,1,0,32,0
ch,1,Probe_inv,131,32,0,1,0,128,0
ch,1,Probe_noinv,130,32,0,1,0,1,0
ch,1,Probe_pa,132,32,0,1,0,1,0
ch,1,Probe_toa,132,32,0,1,0,128,0
ch,1,Probe_tot,132,32,0,1,0,64,0
ch,1,Ref_dac_inv,131,32,0,31,0,62,0
ch,1,Ref_dac_toa,129,32,0,27,0,62,0
ch,1,Ref_dac_tot,130,32,0,31,0,62,0
ch,1,Sel_trigger_toa,131,32,0,1,0,64,0
ch,1,Sel_trigger_tot,132,32,0,1,0,16,0
ch,2,Adc_pedestal,108,32,0,255,0,255,0
ch,2,Channel_off,100,32,0,1,0,8,0
ch,2,DAC_CAL_CTDC_TOA,102,32,0,63,0,63,0
ch,2,DAC_CAL_CTDC_TOT,104,32,0,63,0,63,0
ch,2,DAC_CAL_FTDC_TOA,101,32,0,63,0,63,0
ch,2,DAC_CAL_FTDC_TOT,103,32,0,63,0,63,0
ch,2,DIS_TDC,106,32,0,1,0,128,0
ch,2,ExtData,107,32,0,768,8,3,0
ch,2,ExtData,109,32,0,255,0,255,1
ch,2,HighRange,100,32,0,1,0,4,0
ch,2,IN_FTDC_ENCODER_TOA,105,32,0,63,0,63,0
ch,2,IN_FTDC_ENCODER_TOT,106,32,0,63,0,63,0
ch,2,Inputdac,96,32,0,31,0,31,0
ch,2,Inputdacpol,96,32,0,1,0,32,0
ch,2,LowRange,100,32,0,1,0,2,0
ch,2,Mask_AlignBuffer,107,32,0,1,0,128,0
ch,2,Mask_adc,101,32,0,1,0,128,0
ch,2,Mask_toa,99,32,0,1,0,1,0
ch,2,Mask_tot,100,32,0,1,0,32,0
ch,2,Probe_inv,99,32,0,1,0,128,0
ch,2,Probe_noinv,98,32,0,1,0,1,0
ch,2,Probe_pa,100,32,0,1,0,1,0
ch,2,Probe_toa,100,32,0,1,0,128,0
ch,2,Probe_tot,100,32,0,1,0,64,0
ch,2,Ref_dac_inv,99,32,0,31,0,62,0
ch,2,Ref_dac_toa,97,32,0,27,0,62,0
ch,2,Ref_dac_tot,98,32,0,31,0,62,0
ch,2,Sel_trigger_toa,99,32,0,1,0,64,0
ch,2,Sel_trigger_tot,100,32,0,1,0,16,0
ch,3,Adc_pedestal,76,32,0,255,0,255,0
ch,3,Channel_off,68,32,0,1,0,8,0
ch,3,DAC_CAL_CTDC_TOA,70,32,0,63,0,63,0
ch,3,DAC_CAL_CTDC_TOT,72,32,0,63,0,63,0
ch,3,DAC_CAL_FTDC_TOA,69,32,0,63,0,63,0
ch,3,DAC_CAL_FTDC_TOT,71,32,0,63,0,63,0
ch,3,DIS_TDC,74,32,0,1,0,128,0
ch,3,ExtData,75,32,0,768,8,3,0
ch,3,ExtData,77,32,0,255,0,255,1
ch,3,HighRange,68,32,0,1,0,4,0
ch,3,IN_FTDC_ENCODER_TOA,73,32,0,63,0,63,0
ch,3,IN_FTDC_ENCODER_TOT,74,32,0,63,0,63,0
ch,3,Inputdac,64,32,0,31,0,31,0
ch,3,Inputdacpol,64,32,0,1,0,32,0
ch,3,LowRange,68,32,0,1,0,2,0
ch,3,Mask_AlignBuffer,75,32,0,1,0,128,0
ch,3,Mask_adc,69,32,0,1,0,128,0
ch,3,Mask_toa,67,32,0,1,0,1,0
ch,3,Mask_tot,68,32,0,1,0,32,0
ch,3,Probe_inv,67,32,0,1,0,128,0
ch,3,Probe_noinv,66,32,0,1,0,1,0
ch,3,Probe_pa,68,32,0,1,0,1,0
ch,3,Probe_toa,68,32,0,1,0,128,0
ch,3,Probe_tot,68,32,0,1,0,64,0
ch,3,Ref_dac_inv,67,32,0,31,0,62,0
ch,3,Ref_dac_toa,65,32,0,27,0,62,0
ch,3,Ref_dac_tot,66,32,0,31,0,62,0
ch,3,Sel_trigger_toa,67,32,0,1,0,64,0
ch,3,Sel_trigger_tot,68,32,0,1,0,16,0
ch,4,Adc_pedestal,44,33,0,255,0,255,0
ch,4,Channel_off,36,33,0,1,0,8,0
ch,4,DAC_CAL_CTDC_TOA,38,33,0,63,0,63,0
ch,4,DAC_CAL_CTDC_TOT,40,33,0,63,0,63,0
ch,4,DAC_CAL_FTDC_TOA,37,33,0,63,0,63,0
ch,4,DAC_CAL_FTDC_TOT,39,33,0,63,0,63,0
ch,4,DIS_TDC,42,33,0,1,0,128,0
ch,4,ExtData,43,33,0,768,8,3,0
ch,4,ExtData,45,33,0,255,0,255,1
ch,4,HighRange,36,33,0,1,0,4,0
ch,4,IN_FTDC_ENCODER_TOA,41,33,0,63,0,63,0
ch,4,IN_FTDC_ENCODER_TOT,42,33,0,63,0,63,0
ch,4,Inputdac,32,33,0,31,0,31,0
ch,4,Inputdacpol,32,33,0,1,0,32,0
ch,4,LowRange,36,33,0,1,0,2,0
ch,4,Mask_AlignBuffer,43,33,0,1,0,128,0
ch,4,Mask_adc,37,33,0,1,0,128,0
ch,4,Mask_toa,35,33,0,1,0,1,0
ch,4,Mask_tot,36,33,0,1,0,32,0
ch,4,Probe_inv,35,33,0,1,0,128,0
ch,4,Probe_noinv,34,33,0,1,0,1,0
ch,4,Probe_pa,36,33,0,1,0,1,0
ch,4,Probe_toa,36,33,0,1,0,128,0
ch,4,Probe_tot,36,33,0,1,0,64,0
ch,4,Ref_dac_inv,35,33,0,31,0,62,0
ch,4,Ref_dac_toa,33,33,0,27,0,62,0
ch,4,Ref_dac_tot,34,33,0,31,0,62,0
ch,4,Sel_trigger_toa,35,33,0,1,0,64,0
ch,4,Sel_trigger_tot,36,33,0,1,0,16,0
ch,5,Adc_pedestal,12,33,0,255,0,255,0
ch,5,Channel_off,4,33,0,1,0,8,0
ch,5,DAC_CAL_CTDC_TOA,6,33,0,63,0,63,0
ch,5,DAC_CAL_CTDC_TOT,8,33,0,63,0,63,0
ch,5,DAC_CAL_FTDC_TOA,5,33,0,63,0,63,0
ch,5,DAC_CAL_FTDC_TOT,7,33,0,63,0,63,0
ch,5,DIS_TDC,10,33,0,1,0,128,0
ch,5,ExtData,11,33,0,768,8,3,0
ch,5,ExtData,13,33,0,255,0,255,1
ch,5,HighRange,4,33,0,1,0,4,0
ch,5,IN_FTDC_ENCODER_TOA,9,33,0,63,0,63,0
ch,5,IN_FTDC_ENCODER_TOT,10,33,0,63,0,63,0
ch,5,Inputdac,0,33,0,31,0,31,0
ch,5,Inputdacpol,0,33,0,1,0,32,0
ch,5,LowRange,4,33,0,1,0,2,0
ch,5,Mask_AlignBuffer,11,33,0,1,0,128,0
ch,5,Mask_adc,5,33,0,1,0,128,0
ch,5,Mask_toa,3,33,0,1,0,1,0
ch,5,Mask_tot,4,33,0,1,0,32,0
ch,5,Probe_inv,3,33,0,1,0,128,0
ch,5,Probe_noinv,2,33,0,1,0,1,0
ch,5,Probe_pa,4,33,0,1,0,1,0
ch,5,Probe_toa,4,33,0,1,0,128,0
ch,5,Probe_tot,4,33,0,1,0,64,0
ch,5,Ref_dac_inv,3,33,0,31,0,62,0
ch,5,Ref_dac_toa,1,33,0,27,0,62,0
ch,5,Ref_dac_tot,2,33,0,31,0,62,0
ch,5,Sel_trigger_toa,3,33,0,1,0,64,0
ch,5,Sel_trigger_tot,4,33,0,1,0,16,0
ch,6,Adc_pedestal,236,32,0,255,0,255,0
ch,6,Channel_off,228,32,0,1,0,8,0
ch,6,DAC_CAL_CTDC_TOA,230,32,0,63,0,63,0
ch,6,DAC_CAL_CTDC_TOT,232,32,0,63,0,63,0
ch,6,DAC_CAL_FTDC_TOA,229,32,0,63,0,63,0
ch,6,DAC_CAL_FTDC_TOT,231,32,0,63,0,63,0
ch,6,DIS_TDC,234,32,0,1,0,128,0
ch,6,ExtData,235,32,0,768,8,3,0
ch,6,ExtData,237,32,0,255,0,255,1
ch,6,HighRange,228,32,0,1,0,4,0
ch,6,IN_FTDC_ENCODER_TOA,233,32,0,63,0,63,0
ch,6,IN_FTDC_ENCODER_TOT,234,32,0,63,0,63,0
ch,6,Inputdac,224,32,0,31,0,31,0
ch,6,Inputdacpol,224,32,0,1,0,32,0
ch,6,LowRange,228,32,0,1,0,2,0
ch,6,Mask_AlignBuffer,235,32,0,1,0,128,0
ch,6,Mask_adc,229,32,0,1,0,128,0
ch,6,Mask_toa,227,32,0,1,0,1,0
ch,6,Mask_tot,228,32,0,1,0,32,0
ch,6,Probe_inv,227,32,0,1,0,128,0
ch,6,Probe_noinv,226,32,0,1,0,1,0
ch,6,Probe_pa,228,32,0,1,0,1,0
ch,6,Probe_toa,228,32,0,1,0,128,0
ch,6,Probe_tot,228,32,0,1,0,64,0
ch,6,Ref_dac_inv,227,32,0,31,0,62,0
ch,6,Ref_dac_toa,225,32,0,27,0,62,0
ch,6,Ref_dac_tot,226,32,0,31,0,62,0
ch,6,Sel_trigger_toa,227,32,0,1,0,64,0
ch,6,Sel_trigger_tot,228,32,0,1,0,16,0
ch,7,Adc_pedestal,204,32,0,255,0,255,0
ch,7,Channel_off,196,32,0,1,0,8,0
ch,7,DAC_CAL_CTDC_TOA,198,32,0,63,0,63,0
ch,7,DAC_CAL_CTDC_TOT,200,32,0,63,0,63,0
ch,7,DAC_CAL_FTDC_TOA,197,32,0,63,0,63,0
ch,7,DAC_CAL_FTDC_TOT,199,32,0,63,0,63,0
ch,7,DIS_TDC,202,32,0,1,0,128,0
ch,7,ExtData,203,32,0,768,8,3,0
ch,7,ExtData,205,32,0,255,0,255,1
ch,7,HighRange,196,32,0,1,0,4,0
ch,7,IN_FTDC_ENCODER_TOA,201,32,0,63,0,63,0
ch,7,IN_FTDC_ENCODER_TOT,202,32,0,63,0,63,0
ch,7,Inputdac,192,32,0,31,0,31,0
ch,7,Inputdacpol,192,32,0,1,0,32,0
ch,7,LowRange,196,32,0,1,0,2,0
ch,7,Mask_AlignBuffer,203,32,0,1,0,128,0
ch,7,Mask_adc,197,32,0,1,0,128,0
ch,7,Mask_toa,195,32,0,1,0,1,0
ch,7,Mask_tot,196,32,0,1,0,32,0
ch,7,Probe_inv,195,32,0,1,0,128,0
ch,7,Probe_noinv,194,32,0,1,0,1,0
ch,7,Probe_pa,196,32,0,1,0,1,0
ch,7,Probe_toa,196,32,0,1,0,128,0
ch,7,Probe_tot,196,32,0,1,0,64,0
ch,7,Ref_dac_inv,195,32,0,31,0,62,0
ch,7,Ref_dac_toa,193,32,0,27,0,62,0
ch,7,Ref_dac_tot,194,32,0,31,0,62,0
ch,7,Sel_trigger_toa,195,32,0,1,0,64,0
ch,7,Sel_trigger_tot,196,32,0,1,0,16,0
ch,8,Adc_pedestal,172,33,0,255,0,255,0
ch,8,Channel_off,164,33,0,1,0,8,0
ch,8,DAC_CAL_CTDC_TOA,166,33,0,63,0,63,0
ch,8,DAC_CAL_CTDC_TOT,168,33,0,63,0,63,0
ch,8,DAC_CAL_FTDC_TOA,165,33,0,63,0,63,0
ch,8,DAC_CAL_FTDC_TOT,167,33,0,63,0,63,0
ch,8,DIS_TDC,170,33,0,1,0,128,0
ch,8,ExtData,171,33,0,768,8,3,0
ch,8,ExtData,173,33,0,255,0,255,1
ch,8,HighRange,164,33,0,1,0,4,0
ch,8,IN_FTDC_ENCODER_TOA,169,33,0,63,0,63,0
ch,8,IN_FTDC_ENCODER_TOT,170,33,0,63,0,63,0
ch,8,Inputdac,160,33,0,31,0,31,0
ch,8,Inputdacpol,160,33,0,1,0,32,0
ch,8,LowRange,164,33,0,1,0,2,0
ch,8,Mask_AlignBuffer,171,33,0,1,0,128,0
ch,8,Mask_adc,165,33,0,1,0,128,0
ch,8,Mask_toa,163,33,0,1,0,1,0
ch,8,Mask_tot,164,33,0,1,0,32,0
ch,8,Probe_inv,163,33,0,1,0,128,0
ch,8,Probe_noinv,162,33,0,1,0,1,0
ch,8,Probe_pa,164,33,0,1,0,1,0
ch,8,Probe_toa,164,33,0,1,0,128,0
ch,8,Probe_tot,164,33,0,1,0,64,0
ch,8,Ref_dac_inv,163,33,0,31,0,62,0
ch,8,Ref_dac_toa,161,33,0,27,0,62,0
ch,8,Ref_dac_tot,162,33,0,31,0,62,0
ch,8,Sel_trigger_toa,163,33,0,1,0,64,0
ch,8,Sel_trigger_tot,164,33,0,1,0,16,0
ch,9,Adc_pedestal,140,33,0,255,0,255,0
ch,9,Channel_off,132,33,0,1,0,8,0
ch,9,DAC_CAL_CTDC_TOA,134,33,0,63,0,63,0
ch,9,DAC_CAL_CTDC_TOT,136,33,0,63,0,63,0
ch,9,DAC_CAL_FTDC_TOA,133,33,0,63,0,63,0
ch,9,DAC_CAL_FTDC_TOT,135,33,0,63,0,63,0
ch,9,DIS_TDC,138,33,0,1,0,128,0
ch,9,ExtData,139,33,0,768,8,3,0
ch,9,ExtData,141,33,0,255,0,255,1
ch,9,HighRange,132,33,0,1,0,4,0
ch,9,IN_FTDC_ENCODER_TOA,137,33,0,63,0,63,0
ch,9,IN_FTDC_ENCODER_TOT,138,33,0,63,0,63,0
ch,9,Inputdac,128,33,0,31,0,31,0
ch,9,Inputdacpol,128,33,0,1,0,32,0
ch,9,LowRange,132,33,0,1,0,2,0
ch,9,Mask_AlignBuffer,139,33,0,1,0,128,0
ch,9,Mask_adc,133,33,0,1,0,128,0
ch,9,Mask_toa,131,33,0,1,0,1,0
ch,9,Mask_tot,132,33,0,1,0,32,0
ch,9,Probe_inv,131,33,0,1,0,128,0
ch,9,Probe_noinv,130,33,0,1,0,1,0
ch,9,Probe_pa,132,33,0,1,0,1,0
ch,9,Probe_toa,132,33,0,1,0,128,0
ch,9,Probe_tot,132,33,0,1,0,64,0
ch,9,Ref_dac_inv,131,33,0,31,0,62,0
ch,9,Ref_dac_toa,129,33,0,27,0,62,0
ch,9,Ref_dac_tot,130,33,0,31,0,62,0
ch,9,Sel_trigger_toa,131,33,0,1,0,64,0
ch,9,Sel_trigger_tot,132,33,0,1,0,16,0
ch,10,Adc_pedestal,108,33,0,255,0,255,0
ch,10,Channel_off,100,33,0,1,0,8,0
ch,10,DAC_CAL_CTDC_TOA,102,33,0,63,0,63,0
ch,10,DAC_CAL_CTDC_TOT,104,33,0,63,0,63,0
ch,10,DAC_CAL_FTDC_TOA,101,33,0,63,0,63,0
ch,10,DAC_CAL_FTDC_TOT,103,33,0,63,0,63,0
ch,10,DIS_TDC,106,33,0,1,0,128,0
ch,10,ExtData,107,33,0,768,8,3,0
ch,10,ExtData,109,33,0,255,0,255,1
ch,10,HighRange,100,33,0,1,0,4,0
ch,10,IN_FTDC_ENCODER_TOA,105,33,0,63,0,63,0
ch,10,IN_FTDC_ENCODER_TOT,106,33,0,63,0,63,0
ch,10,Inputdac,96,33,0,31,0,31,0
ch,10,Inputdacpol,96,33,0,1,0,32,0
ch,10,LowRange,100,33,0,1,0,2,0
ch,10,Mask_AlignBuffer,107,33,0,1,0,128,0
ch,10,Mask_adc,101,33,0,1,0,128,0
ch,10,Mask_toa,99,33,0,1,0,1,0
ch,10,Mask_tot,100,33,0,1,0,32,0
ch,10,Probe_inv,99,33,0,1,0,128,0
ch,10,Probe_noinv,98,33,0,1,0,1,0
ch,10,Probe_pa,100,33,0,1,0,1,0
ch,10,Probe_toa,100,33,0,1,0,128,0
ch,10,Probe_tot,100,33,0,1,0,64,0
ch,10,Ref_dac_inv,99,33,0,31,0,62,0
ch,10,Ref_dac_toa,97,33,0,27,0,62,0
ch,10,Ref_dac_tot,98,33,0,31,0,62,0
ch,10,Sel_trigger_toa,99,33,0,1,0,64,0
ch,10,Sel_trigger_tot,100,33,0,1,0,16,0
ch,11,Adc_pedestal,76,33,0,255,0,255,0
ch,11,Channel_off,68,33,0,1,0,8,0
ch,11,DAC_CAL_CTDC_TOA,70,33,0,63,0,63,0
ch,11,DAC_CAL_CTDC_TOT,72,33,0,63,0,63,0
ch,11,DAC_CAL_FTDC_TOA,69,33,0,63,0,63,0
ch,11,DAC_CAL_FTDC_TOT,71,33,0,63,0,63,0
ch,11,DIS_TDC,74,33,0,1,0,128,0
ch,11,ExtData,75,33,0,768,8,3,0
ch,11,ExtData,77,33,0,255,0,255,1
ch,11,HighRange,68,33,0,1,0,4,0
ch,11,IN_FTDC_ENCODER_TOA,73,33,0,63,0,63,0
ch,11,IN_FTDC_ENCODER_TOT,74,33,0,63,0,63,0
ch,11,Inputdac,64,33,0,31,0,31,0
ch,11,Inputdacpol,64,33,0,1,0,32,0
ch,11,LowRange,68,33,0,1,0,2,0
ch,11,Mask_AlignBuffer,75,33,0,1,0,128,0
ch,11,Mask_adc,69,33,0,1,0,128,0
ch,11,Mask_toa,67,33,0,1,0,1,0
ch,11,Mask_tot,68,33,0,1,0,32,0
ch,11,Probe_inv,67,33,0,1,0,128,0
ch,11,Probe_noinv,66,33,0,1,0,1,0
ch,11,Probe_pa,68,33,0,1,0,1,0
ch,11,Probe_toa,68,33,0,1,0,128,0
ch,11,Probe_tot,68,33,0,1,0,64,0
ch,11,Ref_dac_inv,67,33,0,31,0,62,0
ch,11,Ref_dac_toa,65,33,0,27,0,62,0
ch,11,Ref_dac_tot,66,33,0,31,0,62,0
ch,11,Sel_trigger_toa,67,33,0,1,0,64,0
ch,11,Sel_trigger_tot,68,33,0,1,0,16,0
ch,12,Adc_pedestal,44,34,0,255,0,255,0
ch,12,Channel_off,36,34,0,1,0,8,0
ch,12,DAC_CAL_CTDC_TOA,38,34,0,63,0,63,0
ch,12,DAC_CAL_CTDC_TOT,40,34,0,63,0,63,0
ch,12,DAC_CAL_FTDC_TOA,37,34,0,63,0,63,0
ch,12,DAC_CAL_FTDC_TOT,39,34,0,63,0,63,0
ch,12,DIS_TDC,42,34,0,1,0,128,0
ch,12,ExtData,43,34,0,768,8,3,0
ch,12,ExtData,45,34,0,255,0,255,1
ch,12,HighRange,36,34,0,1,0,4,0
ch,12,IN_FTDC_ENCODER_TOA,41,34,0,63,0,63,0
ch,12,IN_FTDC_ENCODER_TOT,42,34,0,63,0,63,0
ch,12,Inputdac,32,34,0,31,0,31,0
ch,12,Inputdacpol,32,34,0,1,0,32,0
ch,12,LowRange,36,34,0,1,0,2,0
ch,12,Mask_AlignBuffer,43,34,0,1,0,128,0
ch,12,Mask_adc,37,34,0,1,0,128,0
ch,12,Mask_toa,35,34,0,1,0,1,0
ch,12,Mask_tot,36,34,0,1,0,32,0
ch,12,Probe_inv,35,34,0,1,0,128,0
ch,12,Probe_noinv,34,34,0,1,0,1,0
ch,12,Probe_pa,36,34,0,1,0,1,0
ch,12,Probe_toa,36,34,0,1,0,128,0
ch,12,Probe_tot,36,34,0,1,0,64,0
ch,12,Ref_dac_inv,35,34,0,31,0,62,0
ch,12,Ref_dac_toa,33,34,0,27,0,62,0
ch,12,Ref_dac_tot,34,34,0,31,0,62,0
ch,12,Sel_trigger_toa,35,34,0,1,0,64,0
ch,12,Sel_trigger_tot,36,34,0,1,0,16,0
ch,13,Adc_pedestal,12,34,0,255,0,255,0
ch,13,Channel_off,4,34,0,1,0,8,0
ch,13,DAC_CAL_CTDC_TOA,6,34,0,63,0,63,0
ch,13,DAC_CAL_CTDC_TOT,8,34,0,63,0,63,0
ch,13,DAC_CAL_FTDC_TOA,5,34,0,63,0,63,0
ch,13,DAC_CAL_FTDC_TOT,7,34,0,63,0,63,0
ch,13,DIS_TDC,10,34,0,1,0,128,0
ch,13,ExtData,11,34,0,768,8,3,0
ch,13,ExtData,13,34,0,255,0,255,1
ch,13,HighRange,4,34,0,1,0,4,0
ch,13,IN_FTDC_ENCODER_TOA,9,34,0,63,0,63,0
ch,13,IN_FTDC_ENCODER_TOT,10,34,0,63,0,63,0
ch,13,Inputdac,0,34,0,31,0,31,0
ch,13,Inputdacpol,0,34,0,1,0,32,0
ch,13,LowRange,4,34,0,1,0,2,0
ch,13,Mask_AlignBuffer,11,34,0,1,0,128,0
ch,13,Mask_adc,5,34,0,1,0,128,0
ch,13,Mask_toa,3,34,0,1,0,1,0
ch,13,Mask_tot,4,34,0,1,0,32,0
ch,13,Probe_inv,3,34,0,1,0,128,0
ch,13,Probe_noinv,2,34,0,1,0,1,0
ch,13,Probe_pa,4,34,0,1,0,1,0
ch,13,Probe_toa,4,34,0,1,0,128,0
ch,13,Probe_tot,4,34,0,1,0,64,0
ch,13,Ref_dac_inv,3,34,0,31,0,62,0
ch,13,Ref_dac_toa,1,34,0,27,0,62,0
ch,13,Ref_dac_tot,2,34,0,31,0,62,0
ch,13,Sel_trigger_toa,3,34,0,1,0,64,0
ch,13,Sel_trigger_tot,4,34,0,1,0,16,0
ch,14,Adc_pedestal,236,33,0,255,0,255,0
ch,14,Channel_off,228,33,0,1,0,8,0
ch,14,DAC_CAL_CTDC_TOA,230,33,0,63,0,63,0
ch,14,DAC_CAL_CTDC_TOT,232,33,0,63,0,63,0
ch,14,DAC_CAL_FTDC_TOA,229,33,0,63,0,63,0
ch,14,DAC_CAL_FTDC_TOT,231,33,0,63,0,63,0
ch,14,DIS_TDC,234,33,0,1,0,128,0
ch,14,ExtData,235,33,0,768,8,3,0
ch,14,ExtData,237,33,0,255,0,255,1
ch,14,HighRange,228,33,0,1,0,4,0
ch,14,IN_FTDC_ENCODER_TOA,233,33,0,63,0,63,0
ch,14,IN_FTDC_ENCODER_TOT,234,33,0,63,0,63,0
ch,14,Inputdac,224,33,0,31,0,31,0
ch,14,Inputdacpol,224,33,0,1,0,32,0
ch,14,LowRange,228,33,0,1,0,2,0
ch,14,Mask_AlignBuffer,235,33,0,1,0,128,0
ch,14,Mask_adc,229,33,0,1,0,128,0
ch,14,Mask_toa,227,33,0,1,0,1,0
ch,14,Mask_tot,228,33,0,1,0,32,0
ch,14,Probe_inv,227,33,0,1,0,128,0
ch,14,Probe_noinv,226,33,0,1,0,1,0
ch,14,Probe_pa,228,33,0,1,0,1,0
ch,14,Probe_toa,228,33,0,1,0,128,0
ch,14,Probe_tot,228,33,0,1,0,64,0
ch,14,Ref_dac_inv,227,33,0,31,0,62,0
ch,14,Ref_dac_toa,225,33,0,27,0,62,0
ch,14,Ref_dac_tot,226,33,0,31,0,62,0
ch,14,Sel_trigger_toa,227,33,0,1,0,64,0
ch,14,Sel_trigger_tot,228,33,0,1,0,16,0
ch,15,Adc_pedestal,204,33,0,255,0,255,0
ch,15,Channel_off,196,33,0,1,0,8,0
ch,15,DAC_CAL_CTDC_TOA,198,33,0,63,0,63,0
ch,15,DAC_CAL_CTDC_TOT,200,33,0,63,0,63,0
ch,15,DAC_CAL_FTDC_TOA,197,33,0,63,0,63,0
ch,15,DAC_CAL_FTDC_TOT,199,33,0,63,0,63,0
ch,15,DIS_TDC,202,33,0,1,0,128,0
ch,15,ExtData,203,33,0,768,8,3,0
ch,15,ExtData,205,33,0,255,0,255,1
ch,15,HighRange,196,33,0,1,0,4,0
ch,15,IN_FTDC_ENCODER_TOA,201,33,0,63,0,63,0
ch,15,IN_FTDC_ENCODER_TOT,202,33,0,63,0,63,0
ch,15,Inputdac,192,33,0,31,0,31,0
ch,15,Inputdacpol,192,33,0,1,0,32,0
ch,15,LowRange,196,33,0,1,0,2,0
ch,15,Mask_AlignBuffer,203,33,0,1,0,128,0
ch,15,Mask_adc,197,33,0,1,0,128,0
ch,15,Mask_toa,195,33,0,1,0,1,0
ch,15,Mask_tot,196,33,0,1,0,32,0
ch,15,Probe_inv,195,33,0,1,0,128,0
ch,15,Probe_noinv,194,33,0,1,0,1,0
ch,15,Probe_pa,196,33,0,1,0,1,0
ch,15,Probe_toa,196,33,0,1,0,128,0
ch,15,Probe_tot,196,33,0,1,0,64,0
ch,15,Ref_dac_inv,195,33,0,31,0,62,0
ch,15,Ref_dac_toa,193,33,0,27,0,62,0
ch,15,Ref_dac_tot,194,33,0,31,0,62,0
ch,15,Sel_trigger_toa,195,33,0,1,0,64,0
ch,15,Sel_trigger_tot,196,33,0,1,0,16,0
ch,16,Adc_pedestal,204,36,0,255,0,255,0
ch,16,Channel_off,196,36,0,1,0,8,0
ch,16,DAC_CAL_CTDC_TOA,198,36,0,63,0,63,0
ch,16,DAC_CAL_CTDC_TOT,200,36,0,63,0,63,0
ch,16,DAC_CAL_FTDC_TOA,197,36,0,63,0,63,0
ch,16,DAC_CAL_FTDC_TOT,199,36,0,63,0,63,0
ch,16,DIS_TDC,202,36,0,1,0,128,0
ch,16,ExtData,203,36,0,768,8,3,0
ch,16,ExtData,205,36,0,255,0,255,1
ch,16,HighRange,196,36,0,1,0,4,0
ch,16,IN_FTDC_ENCODER_TOA,201,36,0,63,0,63,0
ch,16,IN_FTDC_ENCODER_TOT,202,36,0,63,0,63,0
ch,16,Inputdac,192,36,0,31,0,31,0
ch,16,Inputdacpol,192,36,0,1,0,32,0
ch,16,LowRange,196,36,0,1,0,2,0
ch,16,Mask_AlignBuffer,203,36,0,1,0,128,0
ch,16,Mask_adc,197,36,0,1,0,128,0
ch,16,Mask_toa,195,36,0,1,0,1,0
ch,16,Mask_tot,196,36,0,1,0,32,0
ch,16,Probe_inv,195,36,0,1,0,128,0
ch,16,Probe_noinv,194,36,0,1,0,1,0
ch,16,Probe_pa,196,36,0,1,0,1,0
ch,16,Probe_toa,196,36,0,1,0,128,0
ch,16,Probe_tot,196,36,0,1,0,64,0
ch,16,Ref_dac_inv,195,36,0,31,0,62,0
ch,16,Ref_dac_toa,193,36,0,27,0,62,0
ch,16,Ref_dac_tot,194,36,0,31,0,62,0
ch,16,Sel_trigger_toa,195,36,0,1,0,64,0
ch,16,Sel_trigger_tot,196,36,0,1,0,16,0
ch,17,Adc_pedestal,12,32,0,255,0,255,0
ch,17,Channel_off,4,32,0,1,0,8,0
ch,17,DAC_CAL_CTDC_TOA,6,32,0,63,0,63,0
ch,17,DAC_CAL_CTDC_TOT,8,32,0,63,0,63,0
ch,17,DAC_CAL_FTDC_TOA,5,32,0,63,0,63,0
ch,17,DAC_CAL_FTDC_TOT,7,32,0,63,0,63,0
ch,17,DIS_TDC,10,32,0,1,0,128,0
ch,17,ExtData,11,32,0,768,8,3,0
ch,17,ExtData,13,32,0,255,0,255,1
ch,17,HighRange,4,32,0,1,0,4,0
ch,17,IN_FTDC_ENCODER_TOA,9,32,0,63,0,63,0
ch,17,IN_FTDC_ENCODER_TOT,10,32,0,63,0,63,0
ch,17,Inputdac,0,32,0,31,0,31,0
ch,17,Inputdacpol,0,32,0,1,0,32,0
ch,17,LowRange,4,32,0,1,0,2,0
ch,17,Mask_AlignBuffer,11,32,0,1,0,128,0
ch,17,Mask_adc,5,32,0,1,0,128,0
ch,17,Mask_toa,3,32,0,1,0,1,0
ch,17,Mask_tot,4,32,0,1,0,32,0
ch,17,Probe_inv,3,32,0,1,0,128,0
ch,17,Probe_noinv,2,32,0,1,0,1,0
ch,17,Probe_pa,4,32,0,1,0,1,0
ch,17,Probe_toa,4,32,0,1,0,128,0
ch,17,Probe_tot,4,32,0,1,0,64,0
ch,17,Ref_dac_inv,3,32,0,31,0,62,0
ch,17,Ref_dac_toa,1,32,0,27,0,62,0
ch,17,Ref_dac_tot,2,32,0,31,0,62,0
ch,17,Sel_trigger_toa,3,32,0,1,0,64,0
ch,17,Sel_trigger_tot,4,32,0,1,0,16,0
ch,18,Adc_pedestal,172,34,0,255,0,255,0
ch,18,Channel_off,164,34,0,1,0,8,0
ch,18,DAC_CAL_CTDC_TOA,166,34,0,63,0,63,0
ch,18,DAC_CAL_CTDC_TOT,168,34,0,63,0,63,0
ch,18,DAC_CAL_FTDC_TOA,165,34,0,63,0,63,0
ch,18,DAC_CAL_FTDC_TOT,167,34,0,63,0,63,0
ch,18,DIS_TDC,170,34,0,1,0,128,0
ch,18,ExtData,171,34,0,768,8,3,0
ch,18,ExtData,173,34,0,255,0,255,1
ch,18,HighRange,164,34,0,1,0,4,0
ch,18,IN_FTDC_ENCODER_TOA,169,34,0,63,0,63,0
ch,18,IN_FTDC_ENCODER_TOT,170,34,0,63,0,63,0
ch,18,Inputdac,160,34,0,31,0,31,0
ch,18,Inputdacpol,160,34,0,1,0,32,0
ch,18,LowRange,164,34,0,1,0,2,0
ch,18,Mask_AlignBuffer,171,34,0,1,0,128,0
ch,18,Mask_adc,165,34,0,1,0,128,0
ch,18,Mask_toa,163,34,0,1,0,1,0
ch,18,Mask_tot,164,34,0,1,0,32,0
ch,18,Probe_inv,163,34,0,1,0,128,0
ch,18,Probe_noinv,162,34,0,1,0,1,0
ch,18,Probe_pa,164,34,0,1,0,1,0
ch,18,Probe_toa,164,34,0,1,0,128,0
ch,18,Probe_tot,164,34,0,1,0,64,0
ch,18,Ref_dac_inv,163,34,0,31,0,62,0
ch,18,Ref_dac_toa,161,34,0,27,0,62,0
ch,18,Ref_dac_tot,162,34,0,31,0,62,0
ch,18,Sel_trigger_toa,163,34,0,1,0,64,0
ch,18,Sel_trigger_tot,164,34,0,1,0,16,0
ch,19,Adc_pedestal,236,36,0,255,0,255,0
ch,19,Channel_off,228,36,0,1,0,8,0
ch,19,DAC_CAL_CTDC_TOA,230,36,0,63,0,63,0
ch,19,DAC_CAL_CTDC_TOT,232,36,0,63,0,63,0
ch,19,DAC_CAL_FTDC_TOA,229,36,0,63,0,63,0
ch,19,DAC_CAL_FTDC_TOT,231,36,0,63,0,63,0
ch,19,DIS_TDC,234,36,0,1,0,128,0
ch,19,ExtData,235,36,0,768,8,3,0
ch,19,ExtData,237,36,0,255,0,255,1
ch,19,HighRange,228,36,0,1,0,4,0
ch,19,IN_FTDC_ENCODER_TOA,233,36,0,63,0,63,0
ch,19,IN_FTDC_ENCODER_TOT,234,36,0,63,0,63,0
ch,19,Inputdac,224,36,0,31,0,31,0
ch,19,Inputdacpol,224,36,0,1,0,32,0
ch,19,LowRange,228,36,0,1,0,2,0
ch,19,Mask_AlignBuffer,235,36,0,1,0,128,0
ch,19,Mask_adc,229,36,0,1,0,128,0
ch,19,Mask_toa,227,36,0,1,0,1,0
ch,19,Mask_tot,228,36,0,1,0,32,0
ch,19,Probe_inv,227,36,0,1,0,128,0
ch,19,Probe_noinv,226,36,0,1,0,1,0
ch,19,Probe_pa,228,36,0,1,0,1,0
ch,19,Probe_toa,228,36,0,1,0,128,0
ch,19,Probe_tot,228,36,0,1,0,64,0
ch,19,Ref_dac_inv,227,36,0,31,0,62,0
ch,19,Ref_dac_toa,225,36,0,27,0,62,0
ch,19,Ref_dac_tot,226,36,0,31,0,62,0
ch,19,Sel_trigger_toa,227,36,0,1,0,64,0
ch,19,Sel_trigger_tot,228,36,0,1,0,16,0
ch,20,Adc_pedestal,204,34,0,255,0,255,0
ch,20,Channel_off,196,34,0,1,0,8,0
ch,20,DAC_CAL_CTDC_TOA,198,34,0,63,0,63,0
ch,20,DAC_CAL_CTDC_TOT,200,34,0,63,0,63,0
ch,20,DAC_CAL_FTDC_TOA,197,34,0,63,0,63,0
ch,20,DAC_CAL_FTDC_TOT,199,34,0,63,0,63,0
ch,20,DIS_TDC,202,34,0,1,0,128,0
ch,20,ExtData,203,34,0,768,8,3,0
ch,20,ExtData,205,34,0,255,0,255,1
ch,20,HighRange,196,34,0,1,0,4,0
ch,20,IN_FTDC_ENCODER_TOA,201,34,0,63,0,63,0
ch,20,IN_FTDC_ENCODER_TOT,202,34,0,63,0,63,0
ch,20,Inputdac,192,34,0,31,0,31,0
ch,20,Inputdacpol,192,34,0,1,0,32,0
ch,20,LowRange,196,34,0,1,0,2,0
ch,20,Mask_AlignBuffer,203,34,0,1,0,128,0
ch,20,Mask_adc,197,34,0,1,0,128,0
ch,20,Mask_toa,195,34,0,1,0,1,0
ch,20,Mask_tot,196,34,0,1,0,32,0
ch,20,Probe_inv,195,34,0,1,0,128,0
ch,20,Probe_noinv,194,34,0,1,0,1,0
ch,20,Probe_pa,196,34,0,1,0,1,0
ch,20,Probe_toa,196,34,0,1,0,128,0
ch,20,Probe_tot,196,34,0,1,0,64,0
ch,20,Ref_dac_inv,195,34,0,31,0,62,0
ch,20,Ref_dac_toa,193,34,0,27,0,62,0
ch,20,Ref_dac_tot,194,34,0,31,0,62,0
ch,20,Sel_trigger_toa,195,34,0,1,0,64,0
ch,20,Sel_trigger_tot,196,34,0,1,0,16,0
ch,21,Adc_pedestal,236,34,0,255,0,255,0
ch,21,Channel_off,228,34,0,1,0,8,0
ch,21,DAC_CAL_CTDC_TOA,230,34,0,63,0,63,0
ch,21,DAC_CAL_CTDC_TOT,232,34,0,63,0,63,0
ch,21,DAC_CAL_FTDC_TOA,229,34,0,63,0,63,0
ch,21,DAC_CAL_FTDC_TOT,231,34,0,63,0,63,0
ch,21,DIS_TDC,234,34,0,1,0,128,0
ch,21,ExtData,235,34,0,768,8,3,0
ch,21,ExtData,237,34,0,255,0,255,1
ch,21,HighRange,228,34,0,1,0,4,0
ch,21,IN_FTDC_ENCODER_TOA,233,34,0,63,0,63,0
ch,21,IN_FTDC_ENCODER_TOT,234,34,0,63,0,63,0
ch,21,Inputdac,224,34,0,31,0,31,0
ch,21,Inputdacpol,224,34,0,1,0,32,0
ch,21,LowRange,228,34,0,1,0,2,0
ch,21,Mask_AlignBuffer,235,34,0,1,0,128,0
ch,21,Mask_adc,229,34,0,1,0,128,0
ch,21,Mask_toa,227,34,0,1,0,1,0
ch,21,Mask_tot,228,34,0,1,0,32,0
ch,21,Probe_inv,227,34,0,1,0,128,0
ch,21,Probe_noinv,226,34,0,1,0,1,0
ch,21,Probe_pa,228,34,0,1,0,1,0
ch,21,Probe_toa,228,34,0,1,0,128,0
ch,21,Probe_tot,228,34,0,1,0,64,0
ch,21,Ref_dac_inv,227,34,0,31,0,62,0
ch,21,Ref_dac_toa,225,34,0,27,0,62,0
ch,21,Ref_dac_tot,226,34,0,31,0,62,0
ch,21,Sel_trigger_toa,227,34,0,1,0,64,0
ch,21,Sel_trigger_tot,228,34,0,1,0,16,0
ch,22,Adc_pedestal,12,35,0,255,0,255,0
ch,22,Channel_off,4,35,0,1,0,8,0
ch,22,DAC_CAL_CTDC_TOA,6,35,0,63,0,63,0
ch,22,DAC_CAL_CTDC_TOT,8,35,0,63,0,63,0
ch,22,DAC_CAL_FTDC_TOA,5,35,0,63,0,63,0
ch,22,DAC_CAL_FTDC_TOT,7,35,0,63,0,63,0
ch,22,DIS_TDC,10,35,0,1,0,128,0
ch,22,ExtData,11,35,0,768,8,3,0
ch,22,ExtData,13,35,0,255,0,255,1
ch,22,HighRange,4,35,0,1,0,4,0
ch,22,IN_FTDC_ENCODER_TOA,9,35,0,63,0,63,0
ch,22,IN_FTDC_ENCODER_TOT,10,35,0,63,0,63,0
ch,22,Inputdac,0,35,0,31,0,31,0
ch,22,Inputdacpol,0,35,0,1,0,32,0
ch,22,LowRange,4,35,0,1,0,2,0
ch,22,Mask_AlignBuffer,11,35,0,1,0,128,0
ch,22,Mask_adc,5,35,0,1,0,128,0
ch,22,Mask_toa,3,35,0,1,0,1,0
ch,22,Mask_tot,4,35,0,1,0,32,0
ch,22,Probe_inv,3,35,0,1,0,128,0
ch,22,Probe_noinv,2,35,0,1,0,1,0
ch,22,Probe_pa,4,35,0,1,0,1,0
ch,22,Probe_toa,4,35,0,1,0,128,0
ch,22,Probe_tot,4,35,0,1,0,64,0
ch,22,Ref_dac_inv,3,35,0,31,0,62,0
ch,22,Ref_dac_toa,1,35,0,27,0,62,0
ch,22,Ref_dac_tot,2,35,0,31,0,62,0
ch,22,Sel_trigger_toa,3,35,0,1,0,64,0
ch,22,Sel_trigger_tot,4,35,0,1,0,16,0
ch,23,Adc_pedestal,44,35,0,255,0,255,0
ch,23,Channel_off,36,35,0,1,0,8,0
ch,23,DAC_CAL_CTDC_TOA,38,35,0,63,0,63,0
ch,23,DAC_CAL_CTDC_TOT,40,35,0,63,0,63,0
ch,23,DAC_CAL_FTDC_TOA,37,35,0,63,0,63,0
ch,23,DAC_CAL_FTDC_TOT,39,35,0,63,0,63,0
ch,23,DIS_TDC,42,35,0,1,0,128,0
ch,23,ExtData,43,35,0,768,8,3,0
ch,23,ExtData,45,35,0,255,0,255,1
ch,23,HighRange,36,35,0,1,0,4,0
ch,23,IN_FTDC_ENCODER_TOA,41,35,0,63,0,63,0
ch,23,IN_FTDC_ENCODER_TOT,42,35,0,63,0,63,0
ch,23,Inputdac,32,35,0,31,0,31,0
ch,23,Inputdacpol,32,35,0,1,0,32,0
ch,23,LowRange,36,35,0,1,0,2,0
ch,23,Mask_AlignBuffer,43,35,0,1,0,128,0
ch,23,Mask_adc,37,35,0,1,0,128,0
ch,23,Mask_toa,35,35,0,1,0,1,0
ch,23,Mask_tot,36,35,0,1,0,32,0
ch,23,Probe_inv,35,35,0,1,0,128,0
ch,23,Probe_noinv,34,35,0,1,0,1,0
ch,23,Probe_pa,36,35,0,1,0,1,0
ch,23,Probe_toa,36,35,0,1,0,128,0
ch,23,Probe_tot,36,35,0,1,0,64,0
ch,23,Ref_dac_inv,35,35,0,31,0,62,0
ch,23,Ref_dac_toa,33,35,0,27,0,62,0
ch,23,Ref_dac_tot,34,35,0,31,0,62,0
ch,23,Sel_trigger_toa,35,35,0,1,0,64,0
ch,23,Sel_trigger_tot,36,35,0,1,0,16,0
ch,24,Adc_pedestal,76,35,0,255,0,255,0
ch,24,Channel_off,68,35,0,1,0,8,0
ch,24,DAC_CAL_CTDC_TOA,70,35,0,63,0,63,0
ch,24,DAC_CAL_CTDC_TOT,72,35,0,63,0,63,0
ch,24,DAC_CAL_FTDC_TOA,69,35,0,63,0,63,0
ch,24,DAC_CAL_FTDC_TOT,71,35,0,63,0,63,0
ch,24,DIS_TDC,74,35,0,1,0,128,0
ch,24,ExtData,75,35,0,768,8,3,0
ch,24,ExtData,77,35,0,255,0,255,1
ch,24,HighRange,68,35,0,1,0,4,0
ch,24,IN_FTDC_ENCODER_TOA,73,35,0,63,0,63,0
ch,24,IN_FTDC_ENCODER_TOT,74,35,0,63,0,63,0
ch,24,Inputdac,64,35,0,31,0,31,0
ch,24,Inputdacpol,64,35,0,1,0,32,0
ch,24,LowRange,68,35,0,1,0,2,0
ch,24,Mask_AlignBuffer,75,35,0,1,0,128,0
ch,24,Mask_adc,69,35,0,1,0,128,0
ch,24,Mask_toa,67,35,0,1,0,1,0
ch,24,Mask_tot,68,35,0,1,0,32,0
ch,24,Probe_inv,67,35,0,1,0,128,0
ch,24,Probe_noinv,66,35,0,1,0,1,0
ch,24,Probe_pa,68,35,0,1,0,1,0
ch,24,Probe_toa,68,35,0,1,0,128,0
ch,24,Probe_tot,68,35,0,1,0,64,0
ch,24,Ref_dac_inv,67,35,0,31,0,62,0
ch,24,Ref_dac_toa,65,35,0,27,0,62,0
ch,24,Ref_dac_tot,66,35,0,31,0,62,0
ch,24,Sel_trigger_toa,67,35,0,1,0,64,0
ch,24,Sel_trigger_tot,68,35,0,1,0,16,0
ch,25,Adc_pedestal,108,35,0,255,0,255,0
ch,25,Channel_off,100,35,0,1,0,8,0
ch,25,DAC_CAL_CTDC_TOA,102,35,0,63,0,63,0
ch,25,DAC_CAL_CTDC_TOT,104,35,0,63,0,63,0
ch,25,DAC_CAL_FTDC_TOA,101,35,0,63,0,63,0
ch,25,DAC_CAL_FTDC_TOT,103,35,0,63,0,63,0
ch,25,DIS_TDC,106,35,0,1,0,128,0
ch,25,ExtData,107,35,0,768,8,3,0
ch,25,ExtData,109,35,0,255,0,255,1
ch,25,HighRange,100,35,0,1,0,4,0
ch,25,IN_FTDC_ENCODER_TOA,105,35,0,63,0,63,0
ch,25,IN_FTDC_ENCODER_TOT,106,35,0,63,0,63,0
ch,25,Inputdac,96,35,0,31,0,31,0
ch,25,Inputdacpol,96,35,0,1,0,32,0
ch,25,LowRange,100,35,0,1,0,2,0
ch,25,Mask_AlignBuffer,107,35,0,1,0,128,0
ch,25,Mask_adc,101,35,0,1,0,128,0
ch,25,Mask_toa,99,35,0,1,0,1,0
ch,25,Mask_tot,100,35,0,1,0,32,0
ch,25,Probe_inv,99,35,0,1,0,128,0
ch,25,Probe_noinv,98,35,0,1,0,1,0
ch,25,Probe_pa,100,35,0,1,0,1,0
ch,25,Probe_toa,100,35,0,1,0,128,0
ch,25,Probe_tot,100,35,0,1,0,64,0
ch,25,Ref_dac_inv,99,35,0,31,0,62,0
ch,25,Ref_dac_toa,97,35,0,27,0,62,0
ch,25,Ref_dac_tot,98,35,0,31,0,62,0
ch,25,Sel_trigger_toa,99,35,0,1,0,64,0
ch,25,Sel_trigger_tot,100,35,0,1,0,16,0
ch,26,Adc_pedestal,140,35,0,255,0,255,0
ch,26,Channel_off,132,35,0,1,0,8,0
ch,26,DAC_CAL_CTDC_TOA,134,35,0,63,0,63,0
ch,26,DAC_CAL_CTDC_TOT,136,35,0,63,0,63,0
ch,26,DAC_CAL_FTDC_TOA,133,35,0,63,0,63,0
ch,26,DAC_CAL_FTDC_TOT,135,35,0,63,0,63,0
ch,26,DIS_TDC,138,35,0,1,0,128,0
ch,26,ExtData,139,35,0,768,8,3,0
ch,26,ExtData,141,35,0,255,0,255,1
ch,26,HighRange,132,35,0,1,0,4,0
ch,26,IN_FTDC_ENCODER_TOA,137,35,0,63,0,63,0
ch,26,IN_FTDC_ENCODER_TOT,138,35,0,63,0,63,0
ch,26,Inputdac,128,35,0,31,0,31,0
ch,26,Inputdacpol,128,35,0,1,0,32,0
ch,26,LowRange,132,35,0,1,0,2,0
ch,26,Mask_AlignBuffer,139,35,0,1,0,128,0
ch,26,Mask_adc,133,35,0,1,0,128,0
ch,26,Mask_toa,131,35,0,1,0,1,0
ch,26,Mask_tot,132,35,0,1,0,32,0
ch,26,Probe_inv,131,35,0,1,0,128,0
ch,26,Probe_noinv,130,35,0,1,0,1,0
ch,26,Probe_pa,132,35,0,1,0,1,0
ch,26,Probe_toa,132,35,0,1,0,128,0
ch,26,Probe_tot,132,35,0,1,0,64,0
ch,26,Ref_dac_inv,131,35,0,31,0,62,0
ch,26,Ref_dac_toa,129,35,0,27,0,62,0
ch,26,Ref_dac_tot,130,35,0,31,0,62,0
ch,26,Sel_trigger_toa,131,35,0,1,0,64,0
ch,26,Sel_trigger_tot,132,35,0,1,0,16,0
ch,27,Adc_pedestal,172,35,0,255,0,255,0
ch,27,Channel_off,164,35,0,1,0,8,0
ch,27,DAC_CAL_CTDC_TOA,166,35,0,63,0,63,0
ch,27,DAC_CAL_CTDC_TOT,168,35,0,63,0,63,0
ch,27,DAC_CAL_FTDC_TOA,165,35,0,63,0,63,0
ch,27,DAC_CAL_FTDC_TOT,167,35,0,63,0,63,0
ch,27,DIS_TDC,170,35,0,1,0,128,0
ch,27,ExtData,171,35,0,768,8,3,0
ch,27,ExtData,173,35,0,255,0,255,1
ch,27,HighRange,164,35,0,1,0,4,0
ch,27,IN_FTDC_ENCODER_TOA,169,35,0,63,0,63,0
ch,27,IN_FTDC_ENCODER_TOT,170,35,0,63,0,63,0
ch,27,Inputdac,160,35,0,31,0,31,0
ch,27,Inputdacpol,160,35,0,1,0,32,0
ch,27,LowRange,164,35,0,1,0,2,0
ch,27,Mask_AlignBuffer,171,35,0,1,0,128,0
ch,27,Mask_adc,165,35,0,1,0,128,0
ch,27,Mask_toa,163,35,0,1,0,1,0
ch,27,Mask_tot,164,35,0,1,0,32,0
ch,27,Probe_inv,163,35,0,1,0,128,0
ch,27,Probe_noinv,162,35,0,1,0,1,0
ch,27,Probe_pa,164,35,0,1,0,1,0
ch,27,Probe_toa,164,35,0,1,0,128,0
ch,27,Probe_tot,164,35,0,1,0,64,0
ch,27,Ref_dac_inv,163,35,0,31,0,62,0
ch,27,Ref_dac_toa,161,35,0,27,0,62,0
ch,27,Ref_dac_tot,162,35,0,31,0,62,0
ch,27,Sel_trigger_toa,163,35,0,1,0,64,0
ch,27,Sel_trigger_tot,164,35,0,1,0,16,0
ch,28,Adc_pedestal,204,35,0,255,0,255,0
ch,28,Channel_off,196,35,0,1,0,8,0
ch,28,DAC_CAL_CTDC_TOA,198,35,0,63,0,63,0
ch,28,DAC_CAL_CTDC_TOT,200,35,0,63,0,63,0
ch,28,DAC_CAL_FTDC_TOA,197,35,0,63,0,63,0
ch,28,DAC_CAL_FTDC_TOT,199,35,0,63,0,63,0
ch,28,DIS_TDC,202,35,0,1,0,128,0
ch,28,ExtData,203,35,0,768,8,3,0
ch,28,ExtData,205,35,0,255,0,255,1
ch,28,HighRange,196,35,0,1,0,4,0
ch,28,IN_FTDC_ENCODER_TOA,201,35,0,63,0,63,0
ch,28,IN_FTDC_ENCODER_TOT,202,35,0,63,0,63,0
ch,28,Inputdac,192,35,0,31,0,31,0
ch,28,Inputdacpol,192,35,0,1,0,32,0
ch,28,LowRange,196,35,0,1,0,2,0
ch,28,Mask_AlignBuffer,203,35,0,1,0,128,0
ch,28,Mask_adc,197,35,0,1,0,128,0
ch,28,Mask_toa,195,35,0,1,0,1,0
ch,28,Mask_tot,196,35,0,1,0,32,0
ch,28,Probe_inv,195,35,0,1,0,128,0
ch,28,Probe_noinv,194,35,0,1,0,1,0
ch,28,Probe_pa,196,35,0,1,0,1,0
ch,28,Probe_toa,196,35,0,1,0,128,0
ch,28,Probe_tot,196,35,0,1,0,64,0
ch,28,Ref_dac_inv,195,35,0,31,0,62,0
ch,28,Ref_dac_toa,193,35,0,27,0,62,0
ch,28,Ref_dac_tot,194,35,0,31,0,62,0
ch,28,Sel_trigger_toa,195,35,0,1,0,64,0
ch,28,Sel_trigger_tot,196,35,0,1,0,16,0
ch,29,Adc_pedestal,236,35,0,255,0,255,0
ch,29,Channel_off,228,35,0,1,0,8,0
ch,29,DAC_CAL_CTDC_TOA,230,35,0,63,0,63,0
ch,29,DAC_CAL_CTDC_TOT,232,35,0,63,0,63,0
ch,29,DAC_CAL_FTDC_TOA,229,35,0,63,0,63,0
ch,29,DAC_CAL_FTDC_TOT,231,35,0,63,0,63,0
ch,29,DIS_TDC,234,35,0,1,0,128,0
ch,29,ExtData,235,35,0,768,8,3,0
ch,29,ExtData,237,35,0,255,0,255,1
ch,29,HighRange,228,35,0,1,0,4,0
ch,29,IN_FTDC_ENCODER_TOA,233,35,0,63,0,63,0
ch,29,IN_FTDC_ENCODER_TOT,234,35,0,63,0,63,0
ch,29,Inputdac,224,35,0,31,0,31,0
ch,29,Inputdacpol,224,35,0,1,0,32,0
ch,29,LowRange,228,35,0,1,0,2,0
ch,29,Mask_AlignBuffer,235,35,0,1,0,128,0
ch,29,Mask_adc,229,35,0,1,0,128,0
ch,29,Mask_toa,227,35,0,1,0,1,0
ch,29,Mask_tot,228,35,0,1,0,32,0
ch,29,Probe_inv,227,35,0,1,0,128,0
ch,29,Probe_noinv,226,35,0,1,0,1,0
ch,29,Probe_pa,228,35,0,1,0,1,0
ch,29,Probe_toa,228,35,0,1,0,128,0
ch,29,Probe_tot,228,35,0,1,0,64,0
ch,29,Ref_dac_inv,227,35,0,31,0,62,0
ch,29,Ref_dac_toa,225,35,0,27,0,62,0
ch,29,Ref_dac_tot,226,35,0,31,0,62,0
ch,29,Sel_trigger_toa,227,35,0,1,0,64,0
ch,29,Sel_trigger_tot,228,35,0,1,0,16,0
ch,30,Adc_pedestal,12,36,0,255,0,255,0
ch,30,Channel_off,4,36,0,1,0,8,0
ch,30,DAC_CAL_CTDC_TOA,6,36,0,63,0,63,0
ch,30,DAC_CAL_CTDC_TOT,8,36,0,63,0,63,0
ch,30,DAC_CAL_FTDC_TOA,5,36,0,63,0,63,0
ch,30,DAC_CAL_FTDC_TOT,7,36,0,63,0,63,0
ch,30,DIS_TDC,10,36,0,1,0,128,0
ch,30,ExtData,11,36,0,768,8,3,0
ch,30,ExtData,13,36,0,255,0,255,1
ch,30,HighRange,4,36,0,1,0,4,0
ch,30,IN_FTDC_ENCODER_TOA,9,36,0,63,0,63,0
ch,30,IN_FTDC_ENCODER_TOT,10,36,0,63,0,63,0
ch,30,Inputdac,0,36,0,31,0,31,0
ch,30,Inputdacpol,0,36,0,1,0,32,0
ch,30,LowRange,4,36,0,1,0,2,0
ch,30,Mask_AlignBuffer,11,36,0,1,0,128,0
ch,30,Mask_adc,5,36,0,1,0,128,0
ch,30,Mask_toa,3,36,0,1,0,1,0
ch,30,Mask_tot,4,36,0,1,0,32,0
ch,30,Probe_inv,3,36,0,1,0,128,0
ch,30,Probe_noinv,2,36,0,1,0,1,0
ch,30,Probe_pa,4,36,0,1,0,1,0
ch,30,Probe_toa,4,36,0,1,0,128,0
ch,30,Probe_tot,4,36,0,1,0,64,0
ch,30,Ref_dac_inv,3,36,0,31,0,62,0
ch,30,Ref_dac_toa,1,36,0,27,0,62,0
ch,30,Ref_dac_tot,2,36,0,31,0,62,0
ch,30,Sel_trigger_toa,3,36,0,1,0,64,0
ch,30,Sel_trigger_tot,4,36,0,1,0,16,0
ch,31,Adc_pedestal,44,36,0,255,0,255,0
ch,31,Channel_off,36,36,0,1,0,8,0
ch,31,DAC_CAL_CTDC_TOA,38,36,0,63,0,63,0
ch,31,DAC_CAL_CTDC_TOT,40,36,0,63,0,63,0
ch,31,DAC_CAL_FTDC_TOA,37,36,0,63,0,63,0
ch,31,DAC_CAL_FTDC_TOT,39,36,0,63,0,63,0
ch,31,DIS_TDC,42,36,0,1,0,128,0
ch,31,ExtData,43,36,0,768,8,3,0
ch,31,ExtData,45,36,0,255,0,255,1
ch,31,HighRange,36,36,0,1,0,4,0
ch,31,IN_FTDC_ENCODER_TOA,41,36,0,63,0,63,0
ch,31,IN_FTDC_ENCODER_TOT,42,36,0,63,0,63,0
ch,31,Inputdac,32,36,0,31,0,31,0
ch,31,Inputdacpol,32,36,0,1,0,32,0
ch,31,LowRange,36,36,0,1,0,2,0
ch,31,Mask_AlignBuffer,43,36,0,1,0,128,0
ch,31,Mask_adc,37,36,0,1,0,128,0
ch,31,Mask_toa,35,36,0,1,0,1,0
ch,31,Mask_tot,36,36,0,1,0,32,0
ch,31,Probe_inv,35,36,0,1,0,128,0
ch,31,Probe_noinv,34,36,0,1,0,1,0
ch,31,Probe_pa,36,36,0,1,0,1,0
ch,31,Probe_toa,36,36,0,1,0,128,0
ch,31,Probe_tot,36,36,0,1,0,64,0
ch,31,Ref_dac_inv,35,36,0,31,0,62,0
ch,31,Ref_dac_toa,33,36,0,27,0,62,0
ch,31,Ref_dac_tot,34,36,0,31,0,62,0
ch,31,Sel_trigger_toa,35,36,0,1,0,64,0
ch,31,Sel_trigger_tot,36,36,0,1,0,16,0
ch,32,Adc_pedestal,76,36,0,255,0,255,0
ch,32,Channel_off,68,36,0,1,0,8,0
ch,32,DAC_CAL_CTDC_TOA,70,36,0,63,0,63,0
ch,32,DAC_CAL_CTDC_TOT,72,36,0,63,0,63,0
ch,32,DAC_CAL_FTDC_TOA,69,36,0,63,0,63,0
ch,32,DAC_CAL_FTDC_TOT,71,36,0,63,0,63,0
ch,32,DIS_TDC,74,36,0,1,0,128,0
ch,32,ExtData,75,36,0,768,8,3,0
ch,32,ExtData,77,36,0,255,0,255,1
ch,32,HighRange,68,36,0,1,0,4,0
ch,32,IN_FTDC_ENCODER_TOA,73,36,0,63,0,63,0
ch,32,IN_FTDC_ENCODER_TOT,74,36,0,63,0,63,0
ch,32,Inputdac,64,36,0,31,0,31,0
ch,32,Inputdacpol,64,36,0,1,0,32,0
ch,32,LowRange,68,36,0,1,0,2,0
ch,32,Mask_AlignBuffer,75,36,0,1,0,128,0
ch,32,Mask_adc,69,36,0,1,0,128,0
ch,32,Mask_toa,67,36,0,1,0,1,0
ch,32,Mask_tot,68,36,0,1,0,32,0
ch,32,Probe_inv,67,36,0,1,0,128,0
ch,32,Probe_noinv,66,36,0,1,0,1,0
ch,32,Probe_pa,68,36,0,1,0,1,0
ch,32,Probe_toa,68,36,0,1,0,128,0
ch,32,Probe_tot,68,36,0,1,0,64,0
ch,32,Ref_dac_inv,67,36,0,31,0,62,0
ch,32,Ref_dac_toa,65,36,0,27,0,62,0
ch,32,Ref_dac_tot,66,36,0,31,0,62,0
ch,32,Sel_trigger_toa,67,36,0,1,0,64,0
ch,32,Sel_trigger_tot,68,36,0,1,0,16,0
ch,33,Adc_pedestal,108,36,0,255,0,255,0
ch,33,Channel_off,100,36,0,1,0,8,0
ch,33,DAC_CAL_CTDC_TOA,102,36,0,63,0,63,0
ch,33,DAC_CAL_CTDC_TOT,104,36,0,63,0,63,0
ch,33,DAC_CAL_FTDC_TOA,101,36,0,63,0,63,0
ch,33,DAC_CAL_FTDC_TOT,103,36,0,63,0,63,0
ch,33,DIS_TDC,106,36,0,1,0,128,0
ch,33,ExtData,107,36,0,768,8,3,0
ch,33,ExtData,109,36,0,255,0,255,1
ch,33,HighRange,100,36,0,1,0,4,0
ch,33,IN_FTDC_ENCODER_TOA,105,36,0,63,0,63,0
ch,33,IN_FTDC_ENCODER_TOT,106,36,0,63,0,63,0
ch,33,Inputdac,96,36,0,31,0,31,0
ch,33,Inputdacpol,96,36,0,1,0,32,0
ch,33,LowRange,100,36,0,1,0,2,0
ch,33,Mask_AlignBuffer,107,36,0,1,0,128,0
ch,33,Mask_adc,101,36,0,1,0,128,0
ch,33,Mask_toa,99,36,0,1,0,1,0
ch,33,Mask_tot,100,36,0,1,0,32,0
ch,33,Probe_inv,99,36,0,1,0,128,0
ch,33,Probe_noinv,98,36,0,1,0,1,0
ch,33,Probe_pa,100,36,0,1,0,1,0
ch,33,Probe_toa,100,36,0,1,0,128,0
ch,33,Probe_tot,100,36,0,1,0,64,0
ch,33,Ref_dac_inv,99,36,0,31,0,62,0
ch,33,Ref_dac_toa,97,36,0,27,0,62,0
ch,33,Ref_dac_tot,98,36,0,31,0,62,0
ch,33,Sel_trigger_toa,99,36,0,1,0,64,0
ch,33,Sel_trigger_tot,100,36,0,1,0,16,0
ch,34,Adc_pedestal,140,36,0,255,0,255,0
ch,34,Channel_off,132,36,0,1,0,8,0
ch,34,DAC_CAL_CTDC_TOA,134,36,0,63,0,63,0
ch,34,DAC_CAL_CTDC_TOT,136,36,0,63,0,63,0
ch,34,DAC_CAL_FTDC_TOA,133,36,0,63,0,63,0
ch,34,DAC_CAL_FTDC_TOT,135,36,0,63,0,63,0
ch,34,DIS_TDC,138,36,0,1,0,128,0
ch,34,ExtData,139,36,0,768,8,3,0
ch,34,ExtData,141,36,0,255,0,255,1
ch,34,HighRange,132,36,0,1,0,4,0
ch,34,IN_FTDC_ENCODER_TOA,137,36,0,63,0,63,0
ch,34,IN_FTDC_ENCODER_TOT,138,36,0,63,0,63,0
ch,34,Inputdac,128,36,0,31,0,31,0
ch,34,Inputdacpol,128,36,0,1,0,32,0
ch,34,LowRange,132,36,0,1,0,2,0
ch,34,Mask_AlignBuffer,139,36,0,1,0,128,0
ch,34,Mask_adc,133,36,0,1,0,128,0
ch,34,Mask_toa,131,36,0,1,0,1,0
ch,34,Mask_tot,132,36,0,1,0,32,0
ch,34,Probe_inv,131,36,0,1,0,128,0
ch,34,Probe_noinv,130,36,0,1,0,1,0
ch,34,Probe_pa,132,36,0,1,0,1,0
ch,34,Probe_toa,132,36,0,1,0,128,0
ch,34,Probe_tot,132,36,0,1,0,64,0
ch,34,Ref_dac_inv,131,36,0,31,0,62,0
ch,34,Ref_dac_toa,129,36,0,27,0,62,0
ch,34,Ref_dac_tot,130,36,0,31,0,62,0
ch,34,Sel_trigger_toa,131,36,0,1,0,64,0
ch,34,Sel_trigger_tot,132,36,0,1,0,16,0
ch,35,Adc_pedestal,172,36,0,255,0,255,0
ch,35,Channel_off,164,36,0,1,0,8,0
ch,35,DAC_CAL_CTDC_TOA,166,36,0,63,0,63,0
ch,35,DAC_CAL_CTDC_TOT,168,36,0,63,0,63,0
ch,35,DAC_CAL_FTDC_TOA,165,36,0,63,0,63,0
ch,35,DAC_CAL_FTDC_TOT,167,36,0,63,0,63,0
ch,35,DIS_TDC,170,36,0,1,0,128,0
ch,35,ExtData,171,36,0,768,8,3,0
ch,35,ExtData,173,36,0,255,0,255,1
ch,35,HighRange,164,36,0,1,0,4,0
ch,35,IN_FTDC_ENCODER_TOA,169,36,0,63,0,63,0
ch,35,IN_FTDC_ENCODER_TOT,170,36,0,63,0,63,0
ch,35,Inputdac,160,36,0,31,0,31,0
ch,35,Inputdacpol,160,36,0,1,0,32,0
ch,35,LowRange,164,36,0,1,0,2,0
ch,35,Mask_AlignBuffer,171,36,0,1,0,128,0
ch,35,Mask_adc,165,36,0,1,0,128,0
ch,35,Mask_toa,163,36,0,1,0,1,0
ch,35,Mask_tot,164,36,0,1,0,32,0
ch,35,Probe_inv,163,36,0,1,0,128,0
ch,35,Probe_noinv,162,36,0,1,0,1,0
ch,35,Probe_pa,164,36,0,1,0,1,0
ch,35,Probe_toa,164,36,0,1,0,128,0
ch,35,Probe_tot,164,36,0,1,0,64,0
ch,35,Ref_dac_inv,163,36,0,31,0,62,0
ch,35,Ref_dac_toa,161,36,0,27,0,62,0
ch,35,Ref_dac_tot,162,36,0,31,0,62,0
ch,35,Sel_trigger_toa,163,36,0,1,0,64,0
ch,35,Sel_trigger_tot,164,36,0,1,0,16,0
ch,36,Adc_pedestal,172,0,0,255,0,255,0
ch,36,Channel_off,164,0,0,1,0,8,0
ch,36,DAC_CAL_CTDC_TOA,166,0,0,63,0,63,0
ch,36,DAC_CAL_CTDC_TOT,168,0,0,63,0,63,0
ch,36,DAC_CAL_FTDC_TOA,165,0,0,63,0,63,0
ch,36,DAC_CAL_FTDC_TOT,167,0,0,63,0,63,0
ch,36,DIS_TDC,170,0,0,1,0,128,0
ch,36,ExtData,171,0,0,768,8,3,0
ch,36,ExtData,173,0,0,255,0,255,1
ch,36,HighRange,164,0,0,1,0,4,0
ch,36,IN_FTDC_ENCODER_TOA,169,0,0,63,0,63,0
ch,36,IN_FTDC_ENCODER_TOT,170,0,0,63,0,63,0
ch,36,Inputdac,160,0,0,31,0,31,0
ch,36,Inputdacpol,160,0,0,1,0,32,0
ch,36,LowRange,164,0,0,1,0,2,0
ch,36,Mask_AlignBuffer,171,0,0,1,0,128,0
ch,36,Mask_adc,165,0,0,1,0,128,0
ch,36,Mask_toa,163,0,0,1,0,1,0
ch,36,Mask_tot,164,0,0,1,0,32,0
ch,36,Probe_inv,163,0,0,1,0,128,0
ch,36,Probe_noinv,162,0,0,1,0,1,0
ch,36,Probe_pa,164,0,0,1,0,1,0
ch,36,Probe_toa,164,0,0,1,0,128,0
ch,36,Probe_tot,164,0,0,1,0,64,0
ch,36,Ref_dac_inv,163,0,0,31,0,62,0
ch,36,Ref_dac_toa,161,0,0,27,0,62,0
ch,36,Ref_dac_tot,162,0,0,31,0,62,0
ch,36,Sel_trigger_toa,163,0,0,1,0,64,0
ch,36,Sel_trigger_tot,164,0,0,1,0,16,0
ch,37,Adc_pedestal,140,0,0,255,0,255,0
ch,37,Channel_off,132,0,0,1,0,8,0
ch,37,DAC_CAL_CTDC_TOA,134,0,0,63,0,63,0
ch,37,DAC_CAL_CTDC_TOT,136,0,0,63,0,63,0
ch,37,DAC_CAL_FTDC_TOA,133,0,0,63,0,63,0
ch,37,DAC_CAL_FTDC_TOT,135,0,0,63,0,63,0
ch,37,DIS_TDC,138,0,0,1,0,128,0
ch,37,ExtData,139,0,0,768,8,3,0
ch,37,ExtData,141,0,0,255,0,255,1
ch,37,HighRange,132,0,0,1,0,4,0
ch,37,IN_FTDC_ENCODER_TOA,137,0,0,63,0,63,0
ch,37,IN_FTDC_ENCODER_TOT,138,0,0,63,0,63,0
ch,37,Inputdac,128,0,0,31,0,31,0
ch,37,Inputdacpol,128,0,0,1,0,32,0
ch,37,LowRange,132,0,0,1,0,2,0
ch,37,Mask_AlignBuffer,139,0,0,1,0,128,0
ch,37,Mask_adc,133,0,0,1,0,128,0
ch,37,Mask_toa,131,0,0,1,0,1,0
ch,37,Mask_tot,132,0,0,1,0,32,0
ch,37,Probe_inv,131,0,0,1,0,128,0
ch,37,Probe_noinv,130,0,0,1,0,1,0
ch,37,Probe_pa,132,0,0,1,0,1,0
ch,37,Probe_toa,132,0,0,1,0,128,0
ch,37,Probe_tot,132,0,0,1,0,64,0
ch,37,Ref_dac_inv,131,0,0,31,0,62,0
ch,37,Ref_dac_toa,129,0,0,27,0,62,0
ch,37,Ref_dac_tot,130,0,0,31,0,62,0
ch,37,Sel_trigger_toa,131,0,0,1,0,64,0
ch,37,Sel_trigger_tot,132,0,0,1,0,16,0
ch,38,Adc_pedestal,108,0,0,255,0,255,0
ch,38,Channel_off,100,0,0,1,0,8,0
ch,38,DAC_CAL_CTDC_TOA,102,0,0,63,0,63,0
ch,38,DAC_CAL_CTDC_TOT,104,0,0,63,0,63,0
ch,38,DAC_CAL_FTDC_TOA,101,0,0,63,0,63,0
ch,38,DAC_CAL_FTDC_TOT,103,0,0,63,0,63,0
ch,38,DIS_TDC,106,0,0,1,0,128,0
ch,38,ExtData,107,0,0,768,8,3,0
ch,38,ExtData,109,0,0,255,0,255,1
ch,38,HighRange,100,0,0,1,0,4,0
ch,38,IN_FTDC_ENCODER_TOA,105,0,0,63,0,63,0
ch,38,IN_FTDC_ENCODER_TOT,106,0,0,63,0,63,0
ch,38,Inputdac,96,0,0,31,0,31,0
ch,38,Inputdacpol,96,0,0,1,0,32,0
ch,38,LowRange,100,0,0,1,0,2,0
ch,38,Mask_AlignBuffer,107,0,0,1,0,128,0
ch,38,Mask_adc,101,0,0,1,0,128,0
ch,38,Mask_toa,99,0,0,1,0,1,0
ch,38,Mask_tot,100,0,0,1,0,32,0
ch,38,Probe_inv,99,0,0,1,0,128,0
ch,38,Probe_noinv,98,0,0,1,0,1,0
ch,38,Probe_pa,100,0,0,1,0,1,0
ch,38,Probe_toa,100,0,0,1,0,128,0
ch,38,Probe_tot,100,0,0,1,0,64,0
ch,38,Ref_dac_inv,99,0,0,31,0,62,0
ch,38,Ref_dac_toa,97,0,0,27,0,62,0
ch,38,Ref_dac_tot,98,0,0,31,0,62,0
ch,38,Sel_trigger_toa,99,0,0,1,0,64,0
ch,38,Sel_trigger_tot,100,0,0,1,0,16,0
ch,39,Adc_pedestal,76,0,0,255,0,255,0
ch,39,Channel_off,68,0,0,1,0,8,0
ch,39,DAC_CAL_CTDC_TOA,70,0,0,63,0,63,0
ch,39,DAC_CAL_CTDC_TOT,72,0,0,63,0,63,0
ch,39,DAC_CAL_FTDC_TOA,69,0,0,63,0,63,0
ch,39,DAC_CAL_FTDC_TOT,71,0,0,63,0,63,0
ch,39,DIS_TDC,74,0,0,1,0,128,0
ch,39,ExtData,75,0,0,768,8,3,0
ch,39,ExtData,77,0,0,255,0,255,1
ch,39,HighRange,68,0,0,1,0,4,0
ch,39,IN_FTDC_ENCODER_TOA,73,0,0,63,0,63,0
ch,39,IN_FTDC_ENCODER_TOT,74,0,0,63,0,63,0
ch,39,Inputdac,64,0,0,31,0,31,0
ch,39,Inputdacpol,64,0,0,1,0,32,0
ch,39,LowRange,68,0,0,1,0,2,0
ch,39,Mask_AlignBuffer,75,0,0,1,0,128,0
ch,39,Mask_adc,69,0,0,1,0,128,0
ch,39,Mask_toa,67,0,0,1,0,1,0
ch,39,Mask_tot,68,0,0,1,0,32,0
ch,39,Probe_inv,67,0,0,1,0,128,0
ch,39,Probe_noinv,66,0,0,1,0,1,0
ch,39,Probe_pa,68,0,0,1,0,1,0
ch,39,Probe_toa,68,0,0,1,0,128,0
ch,39,Probe_tot,68,0,0,1,0,64,0
ch,39,Ref_dac_inv,67,0,0,31,0,62,0
ch,39,Ref_dac_toa,65,0,0,27,0,62,0
ch,39,Ref_dac_tot,66,0,0,31,0,62,0
ch,39,Sel_trigger_toa,67,0,0,1,0,64,0
ch,39,Sel_trigger_tot,68,0,0,1,0,16,0
ch,40,Adc_pedestal,44,1,0,255,0,255,0
ch,40,Channel_off,36,1,0,1,0,8,0
ch,40,DAC_CAL_CTDC_TOA,38,1,0,63,0,63,0
ch,40,DAC_CAL_CTDC_TOT,40,1,0,63,0,63,0
ch,40,DAC_CAL_FTDC_TOA,37,1,0,63,0,63,0
ch,40,DAC_CAL_FTDC_TOT,39,1,0,63,0,63,0
ch,40,DIS_TDC,42,1,0,1,0,128,0
ch,40,ExtData,43,1,0,768,8,3,0
ch,40,ExtData,45,1,0,255,0,255,1
ch,40,HighRange,36,1,0,1,0,4,0
ch,40,IN_FTDC_ENCODER_TOA,41,1,0,63,0,63,0
ch,40,IN_FTDC_ENCODER_TOT,42,1,0,63,0,63,0
ch,40,Inputdac,32,1,0,31,0,31,0
ch,40,Inputdacpol,32,1,0,1,0,32,0
ch,40,LowRange,36,1,0,1,0,2,0
ch,40,Mask_AlignBuffer,43,1,0,1,0,128,0
ch,40,Mask_adc,37,1,0,1,0,128,0
ch,40,Mask_toa,35,1,0,1,0,1,0
ch,40,Mask_tot,36,1,0,1,0,32,0
ch,40,Probe_inv,35,1,0,1,0,128,0
ch,40,Probe_noinv,34,1,0,1,0,1,0
ch,40,Probe_pa,36,1,0,1,0,1,0
ch,40,Probe_toa,36,1,0,1,0,128,0
ch,40,Probe_tot,36,1,0,1,0,64,0
ch,40,Ref_dac_inv,35,1,0,31,0,62,0
ch,40,Ref_dac_toa,33,1,0,27,0,62,0
ch,40,Ref_dac_tot,34,1,0,31,0,62,0
ch,40,Sel_trigger_toa,35,1,0,1,0,64,0
ch,40,Sel_trigger_tot,36,1,0,1,0,16,0
ch,41,Adc_pedestal,12,1,0,255,0,255,0
ch,41,Channel_off,4,1,0,1,0,8,0
ch,41,DAC_CAL_CTDC_TOA,6,1,0,63,0,63,0
ch,41,DAC_CAL_CTDC_TOT,8,1,0,63,0,63,0
ch,41,DAC_CAL_FTDC_TOA,5,1,0,63,0,63,0
ch,41,DAC_CAL_FTDC_TOT,7,1,0,63,0,63,0
ch,41,DIS_TDC,10,1,0,1,0,128,0
ch,41,ExtData,11,1,0,768,8,3,0
ch,41,ExtData,13,1,0,255,0,255,1
ch,41,HighRange,4,1,0,1,0,4,0
ch,41,IN_FTDC_ENCODER_TOA,9,1,0,63,0,63,0
ch,41,IN_FTDC_ENCODER_TOT,10,1,0,63,0,63,0
ch,41,Inputdac,0,1,0,31,0,31,0
ch,41,Inputdacpol,0,1,0,1,0,32,0
ch,41,LowRange,4,1,0,1,0,2,0
ch,41,Mask_AlignBuffer,11,1,0,1,0,128,0
ch,41,Mask_adc,5,1,0,1,0,128,0
ch,41,Mask_toa,3,1,0,1,0,1,0
ch,41,Mask_tot,4,1,0,1,0,32,0
ch,41,Probe_inv,3,1,0,1,0,128,0
ch,41,Probe_noinv,2,1,0,1,0,1,0
ch,41,Probe_pa,4,1,0,1,0,1,0
ch,41,Probe_toa,4,1,0,1,0,128,0
ch,41,Probe_tot,4,1,0,1,0,64,0
ch,41,Ref_dac_inv,3,1,0,31,0,62,0
ch,41,Ref_dac_toa,1,1,0,27,0,62,0
ch,41,Ref_dac_tot,2,1,0,31,0,62,0
ch,41,Sel_trigger_toa,3,1,0,1,0,64,0
ch,41,Sel_trigger_tot,4,1,0,1,0,16,0
ch,42,Adc_pedestal,236,0,0,255,0,255,0
ch,42,Channel_off,228,0,0,1,0,8,0
ch,42,DAC_CAL_CTDC_TOA,230,0,0,63,0,63,0
ch,42,DAC_CAL_CTDC_TOT,232,0,0,63,0,63,0
ch,42,DAC_CAL_FTDC_TOA,229,0,0,63,0,63,0
ch,42,DAC_CAL_FTDC_TOT,231,0,0,63,0,63,0
ch,42,DIS_TDC,234,0,0,1,0,128,0
ch,42,ExtData,235,0,0,768,8,3,0
ch,42,ExtData,237,0,0,255,0,255,1
ch,42,HighRange,228,0,0,1,0,4,0
ch,42,IN_FTDC_ENCODER_TOA,233,0,0,63,0,63,0
ch,42,IN_FTDC_ENCODER_TOT,234,0,0,63,0,63,0
ch,42,Inputdac,224,0,0,31,0,31,0
ch,42,Inputdacpol,224,0,0,1,0,32,0
ch,42,LowRange,228,0,0,1,0,2,0
ch,42,Mask_AlignBuffer,235,0,0,1,0,128,0
ch,42,Mask_adc,229,0,0,1,0,128,0
ch,42,Mask_toa,227,0,0,1,0,1,0
ch,42,Mask_tot,228,0,0,1,0,32,0
ch,42,Probe_inv,227,0,0,1,0,128,0
ch,42,Probe_noinv,226,0,0,1,0,1,0
ch,42,Probe_pa,228,0,0,1,0,1,0
ch,42,Probe_toa,228,0,0,1,0,128,0
ch,42,Probe_tot,228,0,0,1,0,64,0
ch,42,Ref_dac_inv,227,0,0,31,0,62,0
ch,42,Ref_dac_toa,225,0,0,27,0,62,0
ch,42,Ref_dac_tot,226,0,0,31,0,62,0
ch,42,Sel_trigger_toa,227,0,0,1,0,64,0
ch,42,Sel_trigger_tot,228,0,0,1,0,16,0
ch,43,Adc_pedestal,204,0,0,255,0,255,0
ch,43,Channel_off,196,0,0,1,0,8,0
ch,43,DAC_CAL_CTDC_TOA,198,0,0,63,0,63,0
ch,43,DAC_CAL_CTDC_TOT,200,0,0,63,0,63,0
ch,43,DAC_CAL_FTDC_TOA,197,0,0,63,0,63,0
ch,43,DAC_CAL_FTDC_TOT,199,0,0,63,0,63,0
ch,43,DIS_TDC,202,0,0,1,0,128,0
ch,43,ExtData,203,0,0,768,8,3,0
ch,43,ExtData,205,0,0,255,0,255,1
ch,43,HighRange,196,0,0,1,0,4,0
ch,43,IN_FTDC_ENCODER_TOA,201,0,0,63,0,63,0
ch,43,IN_FTDC_ENCODER_TOT,202,0,0,63,0,63,0
ch,43,Inputdac,192,0,0,31,0,31,0
ch,43,Inputdacpol,192,0,0,1,0,32,0
ch,43,LowRange,196,0,0,1,0,2,0
ch,43,Mask_AlignBuffer,203,0,0,1,0,128,0
ch,43,Mask_adc,197,0,0,1,0,128,0
ch,43,Mask_toa,195,0,0,1,0,1,0
ch,43,Mask_tot,196,0,0,1,0,32,0
ch,43,Probe_inv,195,0,0,1,0,128,0
ch,43,Probe_noinv,194,0,0,1,0,1,0
ch,43,Probe_pa,196,0,0,1,0,1,0
ch,43,Probe_toa,196,0,0,1,0,128,0
ch,43,Probe_tot,196,0,0,1,0,64,0
ch,43,Ref_dac_inv,195,0,0,31,0,62,0
ch,43,Ref_dac_toa,193,0,0,27,0,62,0
ch,43,Ref_dac_tot,194,0,0,31,0,62,0
ch,43,Sel_trigger_toa,195,0,0,1,0,64,0
ch,43,Sel_trigger_tot,196,0,0,1,0,16,0
ch,44,Adc_pedestal,172,1,0,255,0,255,0
ch,44,Channel_off,164,1,0,1,0,8,0
ch,44,DAC_CAL_CTDC_TOA,166,1,0,63,0,63,0
ch,44,DAC_CAL_CTDC_TOT,168,1,0,63,0,63,0
ch,44,DAC_CAL_FTDC_TOA,165,1,0,63,0,63,0
ch,44,DAC_CAL_FTDC_TOT,167,1,0,63,0,63,0
ch,44,DIS_TDC,170,1,0,1,0,128,0
ch,44,ExtData,171,1,0,768,8,3,0
ch,44,ExtData,173,1,0,255,0,255,1
ch,44,HighRange,164,1,0,1,0,4,0
ch,44,IN_FTDC_ENCODER_TOA,169,1,0,63,0,63,0
ch,44,IN_FTDC_ENCODER_TOT,170,1,0,63,0,63,0
ch,44,Inputdac,160,1,0,31,0,31,0
ch,44,Inputdacpol,160,1,0,1,0,32,0
ch,44,LowRange,164,1,0,1,0,2,0
ch,44,Mask_AlignBuffer,171,1,0,1,0,128,0
ch,44,Mask_adc,165,1,0,1,0,128,0
ch,44,Mask_toa,163,1,0,1,0,1,0
ch,44,Mask_tot,164,1,0,1,0,32,0
ch,44,Probe_inv,163,1,0,1,0,128,0
ch,44,Probe_noinv,162,1,0,1,0,1,0
ch,44,Probe_pa,164,1,0,1,0,1,0
ch,44,Probe_toa,164,1,0,1,0,128,0
ch,44,Probe_tot,164,1,0,1,0,64,0
ch,44,Ref_dac_inv,163,1,0,31,0,62,0
ch,44,Ref_dac_toa,161,1,0,27,0,62,0
ch,44,Ref_dac_tot,162,1,0,31,0,62,0
ch,44,Sel_trigger_toa,163,1,0,1,0,64,0
ch,44,Sel_trigger_tot,164,1,0,1,0,16,0
ch,45,Adc_pedestal,140,1,0,255,0,255,0
ch,45,Channel_off,132,1,0,1,0,8,0
ch,45,DAC_CAL_CTDC_TOA,134,1,0,63,0,63,0
ch,45,DAC_CAL_CTDC_TOT,136,1,0,63,0,63,0
ch,45,DAC_CAL_FTDC_TOA,133,1,0,63,0,63,0
ch,45,DAC_CAL_FTDC_TOT,135,1,0,63,0,63,0
ch,45,DIS_TDC,138,1,0,1,0,128,0
ch,45,ExtData,139,1,0,768,8,3,0
ch,45,ExtData,141,1,0,255,0,255,1
ch,45,HighRange,132,1,0,1,0,4,0
ch,45,IN_FTDC_ENCODER_TOA,137,1,0,63,0,63,0
ch,45,IN_FTDC_ENCODER_TOT,138,1,0,63,0,63,0
ch,45,Inputdac,128,1,0,31,0,31,0
ch,45,Inputdacpol,128,1,0,1,0,32,0
ch,45,LowRange,132,1,0,1,0,2,0
ch,45,Mask_AlignBuffer,139,1,0,1,0,128,0
ch,45,Mask_adc,133,1,0,1,0,128,0
ch,45,Mask_toa,131,1,0,1,0,1,0
ch,45,Mask_tot,132,1,0,1,0,32,0
ch,45,Probe_inv,131,1,0,1,0,128,0
ch,45,Probe_noinv,130,1,0,1,0,1,0
ch,45,Probe_pa,132,1,0,1,0,1,0
ch,45,Probe_toa,132,1,0,1,0,128,0
ch,45,Probe_tot,132,1,0,1,0,64,0
ch,45,Ref_dac_inv,131,1,0,31,0,62,0
ch,45,Ref_dac_toa,129,1,0,27,0,62,0
ch,45,Ref_dac_tot,130,1,0,31,0,62,0
ch,45,Sel_trigger_toa,131,1,0,1,0,64,0
ch,45,Sel_trigger_tot,132,1,0,1,0,16,0
ch,46,Adc_pedestal,108,1,0,255,0,255,0
ch,46,Channel_off,100,1,0,1,0,8,0
ch,46,DAC_CAL_CTDC_TOA,102,1,0,63,0,63,0
ch,46,DAC_CAL_CTDC_TOT,104,1,0,63,0,63,0
ch,46,DAC_CAL_FTDC_TOA,101,1,0,63,0,63,0
ch,46,DAC_CAL_FTDC_TOT,103,1,0,63,0,63,0
ch,46,DIS_TDC,106,1,0,1,0,128,0
ch,46,ExtData,107,1,0,768,8,3,0
ch,46,ExtData,109,1,0,255,0,255,1
ch,46,HighRange,100,1,0,1,0,4,0
ch,46,IN_FTDC_ENCODER_TOA,105,1,0,63,0,63,0
ch,46,IN_FTDC_ENCODER_TOT,106,1,0,63,0,63,0
ch,46,Inputdac,96,1,0,31,0,31,0
ch,46,Inputdacpol,96,1,0,1,0,32,0
ch,46,LowRange,100,1,0,1,0,2,0
ch,46,Mask_AlignBuffer,107,1,0,1,0,128,0
ch,46,Mask_adc,101,1,0,1,0,128,0
ch,46,Mask_toa,99,1,0,1,0,1,0
ch,46,Mask_tot,100,1,0,1,0,32,0
ch,46,Probe_inv,99,1,0,1,0,128,0
ch,46,Probe_noinv,98,1,0,1,0,1,0
ch,46,Probe_pa,100,1,0,1,0,1,0
ch,46,Probe_toa,100,1,0,1,0,128,0
ch,46,Probe_tot,100,1,0,1,0,64,0
ch,46,Ref_dac_inv,99,1,0,31,0,62,0
ch,46,Ref_dac_toa,97,1,0,27,0,62,0
ch,46,Ref_dac_tot,98,1,0,31,0,62,0
ch,46,Sel_trigger_toa,99,1,0,1,0,64,0
ch,46,Sel_trigger_tot,100,1,0,1,0,16,0
ch,47,Adc_pedestal,76,1,0,255,0,255,0
ch,47,Channel_off,68,1,0,1,0,8,0
ch,47,DAC_CAL_CTDC_TOA,70,1,0,63,0,63,0
ch,47,DAC_CAL_CTDC_TOT,72,1,0,63,0,63,0
ch,47,DAC_CAL_FTDC_TOA,69,1,0,63,0,63,0
ch,47,DAC_CAL_FTDC_TOT,71,1,0,63,0,63,0
ch,47,DIS_TDC,74,1,0,1,0,128,0
ch,47,ExtData,75,1,0,768,8,3,0
ch,47,ExtData,77,1,0,255,0,255,1
ch,47,HighRange,68,1,0,1,0,4,0
ch,47,IN_FTDC_ENCODER_TOA,73,1,0,63,0,63,0
ch,47,IN_FTDC_ENCODER_TOT,74,1,0,63,0,63,0
ch,47,Inputdac,64,1,0,31,0,31,0
ch,47,Inputdacpol,64,1,0,1,0,32,0
ch,47,LowRange,68,1,0,1,0,2,0
ch,47,Mask_AlignBuffer,75,1,0,1,0,128,0
ch,47,Mask_adc,69,1,0,1,0,128,0
ch,47,Mask_toa,67,1,0,1,0,1,0
ch,47,Mask_tot,68,1,0,1,0,32,0
ch,47,Probe_inv,67,1,0,1,0,128,0
ch,47,Probe_noinv,66,1,0,1,0,1,0
ch,47,Probe_pa,68,1,0,1,0,1,0
ch,47,Probe_toa,68,1,0,1,0,128,0
ch,47,Probe_tot,68,1,0,1,0,64,0
ch,47,Ref_dac_inv,67,1,0,31,0,62,0
ch,47,Ref_dac_toa,65,1,0,27,0,62,0
ch,47,Ref_dac_tot,66,1,0,31,0,62,0
ch,47,Sel_trigger_toa,67,1,0,1,0,64,0
ch,47,Sel_trigger_tot,68,1,0,1,0,16,0
ch,48,Adc_pedestal,44,2,0,255,0,255,0
ch,48,Channel_off,36,2,0,1,0,8,0
ch,48,DAC_CAL_CTDC_TOA,38,2,0,63,0,63,0
ch,48,DAC_CAL_CTDC_TOT,40,2,0,63,0,63,0
ch,48,DAC_CAL_FTDC_TOA,37,2,0,63,0,63,0
ch,48,DAC_CAL_FTDC_TOT,39,2,0,63,0,63,0
ch,48,DIS_TDC,42,2,0,1,0,128,0
ch,48,ExtData,43,2,0,768,8,3,0
ch,48,ExtData,45,2,0,255,0,255,1
ch,48,HighRange,36,2,0,1,0,4,0
ch,48,IN_FTDC_ENCODER_TOA,41,2,0,63,0,63,0
ch,48,IN_FTDC_ENCODER_TOT,42,2,0,63,0,63,0
ch,48,Inputdac,32,2,0,31,0,31,0
ch,48,Inputdacpol,32,2,0,1,0,32,0
ch,48,LowRange,36,2,0,1,0,2,0
ch,48,Mask_AlignBuffer,43,2,0,1,0,128,0
ch,48,Mask_adc,37,2,0,1,0,128,0
ch,48,Mask_toa,35,2,0,1,0,1,0
ch,48,Mask_tot,36,2,0,1,0,32,0
ch,48,Probe_inv,35,2,0,1,0,128,0
ch,48,Probe_noinv,34,2,0,1,0,1,0
ch,48,Probe_pa,36,2,0,1,0,1,0
ch,48,Probe_toa,36,2,0,1,0,128,0
ch,48,Probe_tot,36,2,0,1,0,64,0
ch,48,Ref_dac_inv,35,2,0,31,0,62,0
ch,48,Ref_dac_toa,33,2,0,27,0,62,0
ch,48,Ref_dac_tot,34,2,0,31,0,62,0
ch,48,Sel_trigger_toa,35,2,0,1,0,64,0
ch,48,Sel_trigger_tot,36,2,0,1,0,16,0
ch,49,Adc_pedestal,12,2,0,255,0,255,0
ch,49,Channel_off,4,2,0,1,0,8,0
ch,49,DAC_CAL_CTDC_TOA,6,2,0,63,0,63,0
ch,49,DAC_CAL_CTDC_TOT,8,2,0,63,0,63,0
ch,49,DAC_CAL_FTDC_TOA,5,2,0,63,0,63,0
ch,49,DAC_CAL_FTDC_TOT,7,2,0,63,0,63,0
ch,49,DIS_TDC,10,2,0,1,0,128,0
ch,49,ExtData,11,2,0,768,8,3,0
ch,49,ExtData,13,2,0,255,0,255,1
ch,49,HighRange,4,2,0,1,0,4,0
ch,49,IN_FTDC_ENCODER_TOA,9,2,0,63,0,63,0
ch,49,IN_FTDC_ENCODER_TOT,10,2,0,63,0,63,0
ch,49,Inputdac,0,2,0,31,0,31,0
ch,49,Inputdacpol,0,2,0,1,0,32,0
ch,49,LowRange,4,2,0,1,0,2,0
ch,49,Mask_AlignBuffer,11,2,0,1,0,128,0
ch,49,Mask_adc,5,2,0,1,0,128,0
ch,49,Mask_toa,3,2,0,1,0,1,0
ch,49,Mask_tot,4,2,0,1,0,32,0
ch,49,Probe_inv,3,2,0,1,0,128,0
ch,49,Probe_noinv,2,2,0,1,0,1,0
ch,49,Probe_pa,4,2,0,1,0,1,0
ch,49,Probe_toa,4,2,0,1,0,128,0
ch,49,Probe_tot,4,2,0,1,0,64,0
ch,49,Ref_dac_inv,3,2,0,31,0,62,0
ch,49,Ref_dac_toa,1,2,0,27,0,62,0
ch,49,Ref_dac_tot,2,2,0,31,0,62,0
ch,49,Sel_trigger_toa,3,2,0,1,0,64,0
ch,49,Sel_trigger_tot,4,2,0,1,0,16,0
ch,50,Adc_pedestal,236,1,0,255,0,255,0
ch,50,Channel_off,228,1,0,1,0,8,0
ch,50,DAC_CAL_CTDC_TOA,230,1,0,63,0,63,0
ch,50,DAC_CAL_CTDC_TOT,232,1,0,63,0,63,0
ch,50,DAC_CAL_FTDC_TOA,229,1,0,63,0,63,0
ch,50,DAC_CAL_FTDC_TOT,231,1,0,63,0,63,0
ch,50,DIS_TDC,234,1,0,1,0,128,0
ch,50,ExtData,235,1,0,768,8,3,0
ch,50,ExtData,237,1,0,255,0,255,1
ch,50,HighRange,228,1,0,1,0,4,0
ch,50,IN_FTDC_ENCODER_TOA,233,1,0,63,0,63,0
ch,50,IN_FTDC_ENCODER_TOT,234,1,0,63,0,63,0
ch,50,Inputdac,224,1,0,31,0,31,0
ch,50,Inputdacpol,224,1,0,1,0,32,0
ch,50,LowRange,228,1,0,1,0,2,0
ch,50,Mask_AlignBuffer,235,1,0,1,0,128,0
ch,50,Mask_adc,229,1,0,1,0,128,0
ch,50,Mask_toa,227,1,0,1,0,1,0
ch,50,Mask_tot,228,1,0,1,0,32,0
ch,50,Probe_inv,227,1,0,1,0,128,0
ch,50,Probe_noinv,226,1,0,1,0,1,0
ch,50,Probe_pa,228,1,0,1,0,1,0
ch,50,Probe_toa,228,1,0,1,0,128,0
ch,50,Probe_tot,228,1,0,1,0,64,0
ch,50,Ref_dac_inv,227,1,0,31,0,62,0
ch,50,Ref_dac_toa,225,1,0,27,0,62,0
ch,50,Ref_dac_tot,226,1,0,31,0,62,0
ch,50,Sel_trigger_toa,227,1,0,1,0,64,0
ch,50,Sel_trigger_tot,228,1,0,1,0,16,0
ch,51,Adc_pedestal,204,1,0,255,0,255,0
ch,51,Channel_off,196,1,0,1,0,8,0
ch,51,DAC_CAL_CTDC_TOA,198,1,0,63,0,63,0
ch,51,DAC_CAL_CTDC_TOT,200,1,0,63,0,63,0
ch,51,DAC_CAL_FTDC_TOA,197,1,0,63,0,63,0
ch,51,DAC_CAL_FTDC_TOT,199,1,0,63,0,63,0
ch,51,DIS_TDC,202,1,0,1,0,128,0
ch,51,ExtData,203,1,0,768,8,3,0
ch,51,ExtData,205,1,0,255,0,255,1
ch,51,HighRange,196,1,0,1,0,4,0
ch,51,IN_FTDC_ENCODER_TOA,201,1,0,63,0,63,0
ch,51,IN_FTDC_ENCODER_TOT,202,1,0,63,0,63,0
ch,51,Inputdac,192,1,0,31,0,31,0
ch,51,Inputdacpol,192,1,0,1,0,32,0
ch,51,LowRange,196,1,0,1,0,2,0
ch,51,Mask_AlignBuffer,203,1,0,1,0,128,0
ch,51,Mask_adc,197,1,0,1,0,128,0
ch,51,Mask_toa,195,1,0,1,0,1,0
ch,51,Mask_tot,196,1,0,1,0,32,0
ch,51,Probe_inv,195,1,0,1,0,128,0
ch,51,Probe_noinv,194,1,0,1,0,1,0
ch,51,Probe_pa,196,1,0,1,0,1,0
ch,51,Probe_toa,196,1,0,1,0,128,0
ch,51,Probe_tot,196,1,0,1,0,64,0
ch,51,Ref_dac_inv,195,1,0,31,0,62,0
ch,51,Ref_dac_toa,193,1,0,27,0,62,0
ch,51,Ref_dac_tot,194,1,0,31,0,62,0
ch,51,Sel_trigger_toa,195,1,0,1,0,64,0
ch,51,Sel_trigger_tot,196,1,0,1,0,16,0
ch,52,Adc_pedestal,204,4,0,255,0,255,0
ch,52,Channel_off,196,4,0,1,0,8,0
ch,52,DAC_CAL_CTDC_TOA,198,4,0,63,0,63,0
ch,52,DAC_CAL_CTDC_TOT,200,4,0,63,0,63,0
ch,52,DAC_CAL_FTDC_TOA,197,4,0,63,0,63,0
ch,52,DAC_CAL_FTDC_TOT,199,4,0,63,0,63,0
ch,52,DIS_TDC,202,4,0,1,0,128,0
ch,52,ExtData,203,4,0,768,8,3,0
ch,52,ExtData,205,4,0,255,0,255,1
ch,52,HighRange,196,4,0,1,0,4,0
ch,52,IN_FTDC_ENCODER_TOA,201,4,0,63,0,63,0
ch,52,IN_FTDC_ENCODER_TOT,202,4,0,63,0,63,0
ch,52,Inputdac,192,4,0,31,0,31,0
ch,52,Inputdacpol,192,4,0,1,0,32,0
ch,52,LowRange,196,4,0,1,0,2,0
ch,52,Mask_AlignBuffer,203,4,0,1,0,128,0
ch,52,Mask_adc,197,4,0,1,0,128,0
ch,52,Mask_toa,195,4,0,1,0,1,0
ch,52,Mask_tot,196,4,0,1,0,32,0
ch,52,Probe_inv,195,4,0,1,0,128,0
ch,52,Probe_noinv,194,4,0,1,0,1,0
ch,52,Probe_pa,196,4,0,1,0,1,0
ch,52,Probe_toa,196,4,0,1,0,128,0
ch,52,Probe_tot,196,4,0,1,0,64,0
ch,52,Ref_dac_inv,195,4,0,31,0,62,0
ch,52,Ref_dac_toa,193,4,0,27,0,62,0
ch,52,Ref_dac_tot,194,4,0,31,0,62,0
ch,52,Sel_trigger_toa,195,4,0,1,0,64,0
ch,52,Sel_trigger_tot,196,4,0,1,0,16,0
ch,53,Adc_pedestal,12,0,0,255,0,255,0
ch,53,Channel_off,4,0,0,1,0,8,0
ch,53,DAC_CAL_CTDC_TOA,6,0,0,63,0,63,0
ch,53,DAC_CAL_CTDC_TOT,8,0,0,63,0,63,0
ch,53,DAC_CAL_FTDC_TOA,5,0,0,63,0,63,0
ch,53,DAC_CAL_FTDC_TOT,7,0,0,63,0,63,0
ch,53,DIS_TDC,10,0,0,1,0,128,0
ch,53,ExtData,11,0,0,768,8,3,0
ch,53,ExtData,13,0,0,255,0,255,1
ch,53,HighRange,4,0,0,1,0,4,0
ch,53,IN_FTDC_ENCODER_TOA,9,0,0,63,0,63,0
ch,53,IN_FTDC_ENCODER_TOT,10,0,0,63,0,63,0
ch,53,Inputdac,0,0,0,31,0,31,0
ch,53,Inputdacpol,0,0,0,1,0,32,0
ch,53,LowRange,4,0,0,1,0,2,0
ch,53,Mask_AlignBuffer,11,0,0,1,0,128,0
ch,53,Mask_adc,5,0,0,1,0,128,0
ch,53,Mask_toa,3,0,0,1,0,1,0
ch,53,Mask_tot,4,0,0,1,0,32,0
ch,53,Probe_inv,3,0,0,1,0,128,0
ch,53,Probe_noinv,2,0,0,1,0,1,0
ch,53,Probe_pa,4,0,0,1,0,1,0
ch,53,Probe_toa,4,0,0,1,0,128,0
ch,53,Probe_tot,4,0,0,1,0,64,0
ch,53,Ref_dac_inv,3,0,0,31,0,62,0
ch,53,Ref_dac_toa,1,0,0,27,0,62,0
ch,53,Ref_dac_tot,2,0,0,31,0,62,0
ch,53,Sel_trigger_toa,3,0,0,1,0,64,0
ch,53,Sel_trigger_tot,4,0,0,1,0,16,0
ch,54,Adc_pedestal,172,2,0,255,0,255,0
ch,54,Channel_off,164,2,0,1,0,8,0
ch,54,DAC_CAL_CTDC_TOA,166,2,0,63,0,63,0
ch,54,DAC_CAL_CTDC_TOT,168,2,0,63,0,63,0
ch,54,DAC_CAL_FTDC_TOA,165,2,0,63,0,63,0
ch,54,DAC_CAL_FTDC_TOT,167,2,0,63,0,63,0
ch,54,DIS_TDC,170,2,0,1,0,128,0
ch,54,ExtData,171,2,0,768,8,3,0
ch,54,ExtData,173,2,0,255,0,255,1
ch,54,HighRange,164,2,0,1,0,4,0
ch,54,IN_FTDC_ENCODER_TOA,169,2,0,63,0,63,0
ch,54,IN_FTDC_ENCODER_TOT,170,2,0,63,0,63,0
ch,54,Inputdac,160,2,0,31,0,31,0
ch,54,Inputdacpol,160,2,0,1,0,32,0
ch,54,LowRange,164,2,0,1,0,2,0
ch,54,Mask_AlignBuffer,171,2,0,1,0,128,0
ch,54,Mask_adc,165,2,0,1,0,128,0
ch,54,Mask_toa,163,2,0,1,0,1,0
ch,54,Mask_tot,164,2,0,1,0,32,0
ch,54,Probe_inv,163,2,0,1,0,128,0
ch,54,Probe_noinv,162,2,0,1,0,1,0
ch,54,Probe_pa,164,2,0,1,0,1,0
ch,54,Probe_toa,164,2,0,1,0,128,0
ch,54,Probe_tot,164,2,0,1,0,64,0
ch,54,Ref_dac_inv,163,2,0,31,0,62,0
ch,54,Ref_dac_toa,161,2,0,27,0,62,0
ch,54,Ref_dac_tot,162,2,0,31,0,62,0
ch,54,Sel_trigger_toa,163,2,0,1,0,64,0
ch,54,Sel_trigger_tot,164,2,0,1,0,16,0
ch,55,Adc_pedestal,236,4,0,255,0,255,0
ch,55,Channel_off,228,4,0,1,0,8,0
ch,55,DAC_CAL_CTDC_TOA,230,4,0,63,0,63,0
ch,55,DAC_CAL_CTDC_TOT,232,4,0,63,0,63,0
ch,55,DAC_CAL_FTDC_TOA,229,4,0,63,0,63,0
ch,55,DAC_CAL_FTDC_TOT,231,4,0,63,0,63,0
ch,55,DIS_TDC,234,4,0,1,0,128,0
ch,55,ExtData,235,4,0,768,8,3,0
ch,55,ExtData,237,4,0,255,0,255,1
ch,55,HighRange,228,4,0,1,0,4,0
ch,55,IN_FTDC_ENCODER_TOA,233,4,0,63,0,63,0
ch,55,IN_FTDC_ENCODER_TOT,234,4,0,63,0,63,0
ch,55,Inputdac,224,4,0,31,0,31,0
ch,55,Inputdacpol,224,4,0,1,0,32,0
ch,55,LowRange,228,4,0,1,0,2,0
ch,55,Mask_AlignBuffer,235,4,0,1,0,128,0
ch,55,Mask_adc,229,4,0,1,0,128,0
ch,55,Mask_toa,227,4,0,1,0,1,0
ch,55,Mask_tot,228,4,0,1,0,32,0
ch,55,Probe_inv,227,4,0,1,0,128,0
ch,55,Probe_noinv,226,4,0,1,0,1,0
ch,55,Probe_pa,228,4,0,1,0,1,0
ch,55,Probe_toa,228,4,0,1,0,128,0
ch,55,Probe_tot,228,4,0,1,0,64,0
ch,55,Ref_dac_inv,227,4,0,31,0,62,0
ch,55,Ref_dac_toa,225,4,0,27,0,62,0
ch,55,Ref_dac_tot,226,4,0,31,0,62,0
ch,55,Sel_trigger_toa,227,4,0,1,0,64,0
ch,55,Sel_trigger_tot,228,4,0,1,0,16,0
ch,56,Adc_pedestal,204,2,0,255,0,255,0
ch,56,Channel_off,196,2,0,1,0,8,0
ch,56,DAC_CAL_CTDC_TOA,198,2,0,63,0,63,0
ch,56,DAC_CAL_CTDC_TOT,200,2,0,63,0,63,0
ch,56,DAC_CAL_FTDC_TOA,197,2,0,63,0,63,0
ch,56,DAC_CAL_FTDC_TOT,199,2,0,63,0,63,0
ch,56,DIS_TDC,202,2,0,1,0,128,0
ch,56,ExtData,203,2,0,768,8,3,0
ch,56,ExtData,205,2,0,255,0,255,1
ch,56,HighRange,196,2,0,1,0,4,0
ch,56,IN_FTDC_ENCODER_TOA,201,2,0,63,0,63,0
ch,56,IN_FTDC_ENCODER_TOT,202,2,0,63,0,63,0
ch,56,Inputdac,192,2,0,31,0,31,0
ch,56,Inputdacpol,192,2,0,1,0,32,0
ch,56,LowRange,196,2,0,1,0,2,0
ch,56,Mask_AlignBuffer,203,2,0,1,0,128,0
ch,56,Mask_adc,197,2,0,1,0,128,0
ch,56,Mask_toa,195,2,0,1,0,1,0
ch,56,Mask_tot,196,2,0,1,0,32,0
ch,56,Probe_inv,195,2,0,1,0,128,0
ch,56,Probe_noinv,194,2,0,1,0,1,0
ch,56,Probe_pa,196,2,0,1,0,1,0
ch,56,Probe_toa,196,2,0,1,0,128,0
ch,56,Probe_tot,196,2,0,1,0,64,0
ch,56,Ref_dac_inv,195,2,0,31,0,62,0
ch,56,Ref_dac_toa,193,2,0,27,0,62,0
ch,56,Ref_dac_tot,194,2,0,31,0,62,0
ch,56,Sel_trigger_toa,195,2,0,1,0,64,0
ch,56,Sel_trigger_tot,196,2,0,1,0,16,0
ch,57,Adc_pedestal,236,2,0,255,0,255,0
ch,57,Channel_off,228,2,0,1,0,8,0
ch,57,DAC_CAL_CTDC_TOA,230,2,0,63,0,63,0
ch,57,DAC_CAL_CTDC_TOT,232,2,0,63,0,63,0
ch,57,DAC_CAL_FTDC_TOA,229,2,0,63,0,63,0
ch,57,DAC_CAL_FTDC_TOT,231,2,0,63,0,63,0
ch,57,DIS_TDC,234,2,0,1,0,128,0
ch,57,ExtData,235,2,0,768,8,3,0
ch,57,ExtData,237,2,0,255,0,255,1
ch,57,HighRange,228,2,0,1,0,4,0
ch,57,IN_FTDC_ENCODER_TOA,233,2,0,63,0,63,0
ch,57,IN_FTDC_ENCODER_TOT,234,2,0,63,0,63,0
ch,57,Inputdac,224,2,0,31,0,31,0
ch,57,Inputdacpol,224,2,0,1,0,32,0
ch,57,LowRange,228,2,0,1,0,2,0
ch,57,Mask_AlignBuffer,235,2,0,1,0,128,0
ch,57,Mask_adc,229,2,0,1,0,128,0
ch,57,Mask_toa,227,2,0,1,0,1,0
ch,57,Mask_tot,228,2,0,1,0,32,0
ch,57,Probe_inv,227,2,0,1,0,128,0
ch,57,Probe_noinv,226,2,0,1,0,1,0
ch,57,Probe_pa,228,2,0,1,0,1,0
ch,57,Probe_toa,228,2,0,1,0,128,0
ch,57,Probe_tot,228,2,0,1,0,64,0
ch,57,Ref_dac_inv,227,2,0,31,0,62,0
ch,57,Ref_dac_toa,225,2,0,27,0,62,0
ch,57,Ref_dac_tot,226,2,0,31,0,62,0
ch,57,Sel_trigger_toa,227,2,0,1,0,64,0
ch,57,Sel_trigger_tot,228,2,0,1,0,16,0
ch,58,Adc_pedestal,12,3,0,255,0,255,0
ch,58,Channel_off,4,3,0,1,0,8,0
ch,58,DAC_CAL_CTDC_TOA,6,3,0,63,0,63,0
ch,58,DAC_CAL_CTDC_TOT,8,3,0,63,0,63,0
ch,58,DAC_CAL_FTDC_TOA,5,3,0,63,0,63,0
ch,58,DAC_CAL_FTDC_TOT,7,3,0,63,0,63,0
ch,58,DIS_TDC,10,3,0,1,0,128,0
ch,58,ExtData,11,3,0,768,8,3,0
ch,58,ExtData,13,3,0,255,0,255,1
ch,58,HighRange,4,3,0,1,0,4,0
ch,58,IN_FTDC_ENCODER_TOA,9,3,0,63,0,63,0
ch,58,IN_FTDC_ENCODER_TOT,10,3,0,63,0,63,0
ch,58,Inputdac,0,3,0,31,0,31,0
ch,58,Inputdacpol,0,3,0,1,0,32,0
ch,58,LowRange,4,3,0,1,0,2,0
ch,58,Mask_AlignBuffer,11,3,0,1,0,128,0
ch,58,Mask_adc,5,3,0,1,0,128,0
ch,58,Mask_toa,3,3,0,1,0,1,0
ch,58,Mask_tot,4,3,0,1,0,32,0
ch,58,Probe_inv,3,3,0,1,0,128,0
ch,58,Probe_noinv,2,3,0,1,0,1,0
ch,58,Probe_pa,4,3,0,1,0,1,0
ch,58,Probe_toa,4,3,0,1,0,128,0
ch,58,Probe_tot,4,3,0,1,0,64,0
ch,58,Ref_dac_inv,3,3,0,31,0,62,0
ch,58,Ref_dac_toa,1,3,0,27,0,62,0
ch,58,Ref_dac_tot,2,3,0,31,0,62,0
ch,58,Sel_trigger_toa,3,3,0,1,0,64,0
ch,58,Sel_trigger_tot,4,3,0,1,0,16,0
ch,59,Adc_pedestal,44,3,0,255,0,255,0
ch,59,Channel_off,36,3,0,1,0,8,0
ch,59,DAC_CAL_CTDC_TOA,38,3,0,63,0,63,0
ch,59,DAC_CAL_CTDC_TOT,40,3,0,63,0,63,0
ch,59,DAC_CAL_FTDC_TOA,37,3,0,63,0,63,0
ch,59,DAC_CAL_FTDC_TOT,39,3,0,63,0,63,0
ch,59,DIS_TDC,42,3,0,1,0,128,0
ch,59,ExtData,43,3,0,768,8,3,0
ch,59,ExtData,45,3,0,255,0,255,1
ch,59,HighRange,36,3,0,1,0,4,0
ch,59,IN_FTDC_ENCODER_TOA,41,3,0,63,0,63,0
ch,59,IN_FTDC_ENCODER_TOT,42,3,0,63,0,63,0
ch,59,Inputdac,32,3,0,31,0,31,0
ch,59,Inputdacpol,32,3,0,1,0,32,0
ch,59,LowRange,36,3,0,1,0,2,0
ch,59,Mask_AlignBuffer,43,3,0,1,0,128,0
ch,59,Mask_adc,37,3,0,1,0,128,0
ch,59,Mask_toa,35,3,0,1,0,1,0
ch,59,Mask_tot,36,3,0,1,0,32,0
ch,59,Probe_inv,35,3,0,1,0,128,0
ch,59,Probe_noinv,34,3,0,1,0,1,0
ch,59,Probe_pa,36,3,0,1,0,1,0
ch,59,Probe_toa,36,3,0,1,0,128,0
ch,59,Probe_tot,36,3,0,1,0,64,0
ch,59,Ref_dac_inv,35,3,0,31,0,62,0
ch,59,Ref_dac_toa,33,3,0,27,0,62,0
ch,59,Ref_dac_tot,34,3,0,31,0,62,0
ch,59,Sel_trigger_toa,35,3,0,1,0,64,0
ch,59,Sel_trigger_tot,36,3,0,1,0,16,0
ch,60,Adc_pedestal,76,3,0,255,0,255,0
ch,60,Channel_off,68,3,0,1,0,8,0
ch,60,DAC_CAL_CTDC_TOA,70,3,0,63,0,63,0
ch,60,DAC_CAL_CTDC_TOT,72,3,0,63,0,63,0
ch,60,DAC_CAL_FTDC_TOA,69,3,0,63,0,63,0
ch,60,DAC_CAL_FTDC_TOT,71,3,0,63,0,63,0
ch,60,DIS_TDC,74,3,0,1,0,128,0
ch,60,ExtData,75,3,0,768,8,3,0
ch,60,ExtData,77,3,0,255,0,255,1
ch,60,HighRange,68,3,0,1,0,4,0
ch,60,IN_FTDC_ENCODER_TOA,73,3,0,63,0,63,0
ch,60,IN_FTDC_ENCODER_TOT,74,3,0,63,0,63,0
ch,60,Inputdac,64,3,0,31,0,31,0
ch,60,Inputdacpol,64,3,0,1,0,32,0
ch,60,LowRange,68,3,0,1,0,2,0
ch,60,Mask_AlignBuffer,75,3,0,1,0,128,0
ch,60,Mask_adc,69,3,0,1,0,128,0
ch,60,Mask_toa,67,3,0,1,0,1,0
ch,60,Mask_tot,68,3,0,1,0,32,0
ch,60,Probe_inv,67,3,0,1,0,128,0
ch,60,Probe_noinv,66,3,0,1,0,1,0
ch,60,Probe_pa,68,3,0,1,0,1,0
ch,60,Probe_toa,68,3,0,1,0,128,0
ch,60,Probe_tot,68,3,0,1,0,64,0
ch,60,Ref_dac_inv,67,3,0,31,0,62,0
ch,60,Ref_dac_toa,65,3,0,27,0,62,0
ch,60,Ref_dac_tot,66,3,0,31,0,62,0
ch,60,Sel_trigger_toa,67,3,0,1,0,64,0
ch,60,Sel_trigger_tot,68,3,0,1,0,16,0
ch,61,Adc_pedestal,108,3,0,255,0,255,0
ch,61,Channel_off,100,3,0,1,0,8,0
ch,61,DAC_CAL_CTDC_TOA,102,3,0,63,0,63,0
ch,61,DAC_CAL_CTDC_TOT,104,3,0,63,0,63,0
ch,61,DAC_CAL_FTDC_TOA,101,3,0,63,0,63,0
ch,61,DAC_CAL_FTDC_TOT,103,3,0,63,0,63,0
ch,61,DIS_TDC,106,3,0,1,0,128,0
ch,61,ExtData,107,3,0,768,8,3,0
ch,61,ExtData,109,3,0,255,0,255,1
ch,61,HighRange,100,3,0,1,0,4,0
ch,61,IN_FTDC_ENCODER_TOA,105,3,0,63,0,63,0
ch,61,IN_FTDC_ENCODER_TOT,106,3,0,63,0,63,0
ch,61,Inputdac,96,3,0,31,0,31,0
ch,61,Inputdacpol,96,3,0,1,0,32,0
ch,61,LowRange,100,3,0,1,0,2,0
ch,61,Mask_AlignBuffer,107,3,0,1,0,128,0
ch,61,Mask_adc,101,3,0,1,0,128,0
ch,61,Mask_toa,99,3,0,1,0,1,0
ch,61,Mask_tot,100,3,0,1,0,32,0
ch,61,Probe_inv,99,3,0,1,0,128,0
ch,61,Probe_noinv,98,3,0,1,0,1,0
ch,61,Probe_pa,100,3,0,1,0,1,0
ch,61,Probe_toa,100,3,0,1,0,128,0
ch,61,Probe_tot,100,3,0,1,0,64,0
ch,61,Ref_dac_inv,99,3,0,31,0,62,0
ch,61,Ref_dac_toa,97,3,0,27,0,62,0
ch,61,Ref_dac_tot,98,3,0,31,0,62,0
ch,61,Sel_trigger_toa,99,3,0,1,0,64,0
ch,61,Sel_trigger_tot,100,3,0,1,0,16,0
ch,62,Adc_pedestal,140,3,0,255,0,255,0
ch,62,Channel_off,132,3,0,1,0,8,0
ch,62,DAC_CAL_CTDC_TOA,134,3,0,63,0,63,0
ch,62,DAC_CAL_CTDC_TOT,136,3,0,63,0,63,0
ch,62,DAC_CAL_FTDC_TOA,133,3,0,63,0,63,0
ch,62,DAC_CAL_FTDC_TOT,135,3,0,63,0,63,0
ch,62,DIS_TDC,138,3,0,1,0,128,0
ch,62,ExtData,139,3,0,768,8,3,0
ch,62,ExtData,141,3,0,255,0,255,1
ch,62,HighRange,132,3,0,1,0,4,0
ch,62,IN_FTDC_ENCODER_TOA,137,3,0,63,0,63,0
ch,62,IN_FTDC_ENCODER_TOT,138,3,0,63,0,63,0
ch,62,Inputdac,128,3,0,31,0,31,0
ch,62,Inputdacpol,128,3,0,1,0,32,0
ch,62,LowRange,132,3,0,1,0,2,0
ch,62,Mask_AlignBuffer,139,3,0,1,0,128,0
ch,62,Mask_adc,133,3,0,1,0,128,0
ch,62,Mask_toa,131,3,0,1,0,1,0
ch,62,Mask_tot,132,3,0,1,0,32,0
ch,62,Probe_inv,131,3,0,1,0,128,0
ch,62,Probe_noinv,130,3,0,1,0,1,0
ch,62,Probe_pa,132,3,0,1,0,1,0
ch,62,Probe_toa,132,3,0,1,0,128,0
ch,62,Probe_tot,132,3,0,1,0,64,0
ch,62,Ref_dac_inv,131,3,0,31,0,62,0
ch,62,Ref_dac_toa,129,3,0,27,0,62,0
ch,62,Ref_dac_tot,130,3,0,31,0,62,0
ch,62,Sel_trigger_toa,131,3,0,1,0,64,0
ch,62,Sel_trigger_tot,132,3,0,1,0,16,0
ch,63,Adc_pedestal,172,3,0,255,0,255,0
ch,63,Channel_off,164,3,0,1,0,8,0
ch,63,DAC_CAL_CTDC_TOA,166,3,0,63,0,63,0
ch,63,DAC_CAL_CTDC_TOT,168,3,0,63,0,63,0
ch,63,DAC_CAL_FTDC_TOA,165,3,0,63,0,63,0
ch,63,DAC_CAL_FTDC_TOT,167,3,0,63,0,63,0
ch,63,DIS_TDC,170,3,0,1,0,128,0
ch,63,ExtData,171,3,0,768,8,3,0
ch,63,ExtData,173,3,0,255,0,255,1
ch,63,HighRange,164,3,0,1,0,4,0
ch,63,IN_FTDC_ENCODER_TOA,169,3,0,63,0,63,0
ch,63,IN_FTDC_ENCODER_TOT,170,3,0,63,0,63,0
ch,63,Inputdac,160,3,0,31,0,31,0
ch,63,Inputdacpol,160,3,0,1,0,32,0
ch,63,LowRange,164,3,0,1,0,2,0
ch,63,Mask_AlignBuffer,171,3,0,1,0,128,0
ch,63,Mask_adc,165,3,0,1,0,128,0
ch,63,Mask_toa,163,3,0,1,0,1,0
ch,63,Mask_tot,164,3,0,1,0,32,0
ch,63,Probe_inv,163,3,0,1,0,128,0
ch,63,Probe_noinv,162,3,0,1,0,1,0
ch,63,Probe_pa,164,3,0,1,0,1,0
ch,63,Probe_toa,164,3,0,1,0,128,0
ch,63,Probe_tot,164,3,0,1,0,64,0
ch,63,Ref_dac_inv,163,3,0,31,0,62,0
ch,63,Ref_dac_toa,161,3,0,27,0,62,0
ch,63,Ref_dac_tot,162,3,0,31,0,62,0
ch,63,Sel_trigger_toa,163,3,0,1,0,64,0
ch,63,Sel_trigger_tot,164,3,0,1,0,16,0
ch,64,Adc_pedestal,204,3,0,255,0,255,0
ch,64,Channel_off,196,3,0,1,0,8,0
ch,64,DAC_CAL_CTDC_TOA,198,3,0,63,0,63,0
ch,64,DAC_CAL_CTDC_TOT,200,3,0,63,0,63,0
ch,64,DAC_CAL_FTDC_TOA,197,3,0,63,0,63,0
ch,64,DAC_CAL_FTDC_TOT,199,3,0,63,0,63,0
ch,64,DIS_TDC,202,3,0,1,0,128,0
ch,64,ExtData,203,3,0,768,8,3,0
ch,64,ExtData,205,3,0,255,0,255,1
ch,64,HighRange,196,3,0,1,0,4,0
ch,64,IN_FTDC_ENCODER_TOA,201,3,0,63,0,63,0
ch,64,IN_FTDC_ENCODER_TOT,202,3,0,63,0,63,0
ch,64,Inputdac,192,3,0,31,0,31,0
ch,64,Inputdacpol,192,3,0,1,0,32,0
ch,64,LowRange,196,3,0,1,0,2,0
ch,64,Mask_AlignBuffer,203,3,0,1,0,128,0
ch,64,Mask_adc,197,3,0,1,0,128,0
ch,64,Mask_toa,195,3,0,1,0,1,0
ch,64,Mask_tot,196,3,0,1,0,32,0
ch,64,Probe_inv,195,3,0,1,0,128,0
ch,64,Probe_noinv,194,3,0,1,0,1,0
ch,64,Probe_pa,196,3,0,1,0,1,0
ch,64,Probe_toa,196,3,0,1,0,128,0
ch,64,Probe_tot,196,3,0,1,0,64,0
ch,64,Ref_dac_inv,195,3,0,31,0,62,0
ch,64,Ref_dac_toa,193,3,0,27,0,62,0
ch,64,Ref_dac_tot,194,3,0,31,0,62,0
ch,64,Sel_trigger_toa,195,3,0,1,0,64,0
ch,64,Sel_trigger_tot,196,3,0,1,0,16,0
ch,65,Adc_pedestal,236,3,0,255,0,255,0
ch,65,Channel_off,228,3,0,1,0,8,0
ch,65,DAC_CAL_CTDC_TOA,230,3,0,63,0,63,0
ch,65,DAC_CAL_CTDC_TOT,232,3,0,63,0,63,0
ch,65,DAC_CAL_FTDC_TOA,229,3,0,63,0,63,0
ch,65,DAC_CAL_FTDC_TOT,231,3,0,63,0,63,0
ch,65,DIS_TDC,234,3,0,1,0,128,0
ch,65,ExtData,235,3,0,768,8,3,0
ch,65,ExtData,237,3,0,255,0,255,1
ch,65,HighRange,228,3,0,1,0,4,0
ch,65,IN_FTDC_ENCODER_TOA,233,3,0,63,0,63,0
ch,65,IN_FTDC_ENCODER_TOT,234,3,0,63,0,63,0
ch,65,Inputdac,224,3,0,31,0,31,0
ch,65,Inputdacpol,224,3,0,1,0,32,0
ch,65,LowRange,228,3,0,1,0,2,0
ch,65,Mask_AlignBuffer,235,3,0,1,0,128,0
ch,65,Mask_adc,229,3,0,1,0,128,0
ch,65,Mask_toa,227,3,0,1,0,1,0
ch,65,Mask_tot,228,3,0,1,0,32,0
ch,65,Probe_inv,227,3,0,1,0,128,0
ch,65,Probe_noinv,226,3,0,1,0,1,0
ch,65,Probe_pa,228,3,0,1,0,1,0
ch,65,Probe_toa,228,3,0,1,0,128,0
ch,65,Probe_tot,228,3,0,1,0,64,0
ch,65,Ref_dac_inv,227,3,0,31,0,62,0
ch,65,Ref_dac_toa,225,3,0,27,0,62,0
ch,65,Ref_dac_tot,226,3,0,31,0,62,0
ch,65,Sel_trigger_toa,227,3,0,1,0,64,0
ch,65,Sel_trigger_tot,228,3,0,1,0,16,0
ch,66,Adc_pedestal,12,4,0,255,0,255,0
ch,66,Channel_off,4,4,0,1,0,8,0
ch,66,DAC_CAL_CTDC_TOA,6,4,0,63,0,63,0
ch,66,DAC_CAL_CTDC_TOT,8,4,0,63,0,63,0
ch,66,DAC_CAL_FTDC_TOA,5,4,0,63,0,63,0
ch,66,DAC_CAL_FTDC_TOT,7,4,0,63,0,63,0
ch,66,DIS_TDC,10,4,0,1,0,128,0
ch,66,ExtData,11,4,0,768,8,3,0
ch,66,ExtData,13,4,0,255,0,255,1
ch,66,HighRange,4,4,0,1,0,4,0
ch,66,IN_FTDC_ENCODER_TOA,9,4,0,63,0,63,0
ch,66,IN_FTDC_ENCODER_TOT,10,4,0,63,0,63,0
ch,66,Inputdac,0,4,0,31,0,31,0
ch,66,Inputdacpol,0,4,0,1,0,32,0
ch,66,LowRange,4,4,0,1,0,2,0
ch,66,Mask_AlignBuffer,11,4,0,1,0,128,0
ch,66,Mask_adc,5,4,0,1,0,128,0
ch,66,Mask_toa,3,4,0,1,0,1,0
ch,66,Mask_tot,4,4,0,1,0,32,0
ch,66,Probe_inv,3,4,0,1,0,128,0
ch,66,Probe_noinv,2,4,0,1,0,1,0
ch,66,Probe_pa,4,4,0,1,0,1,0
ch,66,Probe_toa,4,4,0,1,0,128,0
ch,66,Probe_tot,4,4,0,1,0,64,0
ch,66,Ref_dac_inv,3,4,0,31,0,62,0
ch,66,Ref_dac_toa,1,4,0,27,0,62,0
ch,66,Ref_dac_tot,2,4,0,31,0,62,0
ch,66,Sel_trigger_toa,3,4,0,1,0,64,0
ch,66,Sel_trigger_tot,4,4,0,1,0,16,0
ch,67,Adc_pedestal,44,4,0,255,0,255,0
ch,67,Channel_off,36,4,0,1,0,8,0
ch,67,DAC_CAL_CTDC_TOA,38,4,0,63,0,63,0
ch,67,DAC_CAL_CTDC_TOT,40,4,0,63,0,63,0
ch,67,DAC_CAL_FTDC_TOA,37,4,0,63,0,63,0
ch,67,DAC_CAL_FTDC_TOT,39,4,0,63,0,63,0
ch,67,DIS_TDC,42,4,0,1,0,128,0
ch,67,ExtData,43,4,0,768,8,3,0
ch,67,ExtData,45,4,0,255,0,255,1
ch,67,HighRange,36,4,0,1,0,4,0
ch,67,IN_FTDC_ENCODER_TOA,41,4,0,63,0,63,0
ch,67,IN_FTDC_ENCODER_TOT,42,4,0,63,0,63,0
ch,67,Inputdac,32,4,0,31,0,31,0
ch,67,Inputdacpol,32,4,0,1,0,32,0
ch,67,LowRange,36,4,0,1,0,2,0
ch,67,Mask_AlignBuffer,43,4,0,1,0,128,0
ch,67,Mask_adc,37,4,0,1,0,128,0
ch,67,Mask_toa,35,4,0,1,0,1,0
ch,67,Mask_tot,36,4,0,1,0,32,0
ch,67,Probe_inv,35,4,0,1,0,128,0
ch,67,Probe_noinv,34,4,0,1,0,1,0
ch,67,Probe_pa,36,4,0,1,0,1,0
ch,67,Probe_toa,36,4,0,1,0,128,0
ch,67,Probe_tot,36,4,0,1,0,64,0
ch,67,Ref_dac_inv,35,4,0,31,0,62,0
ch,67,Ref_dac_toa,33,4,0,27,0,62,0
ch,67,Ref_dac_tot,34,4,0,31,0,62,0
ch,67,Sel_trigger_toa,35,4,0,1,0,64,0
ch,67,Sel_trigger_tot,36,4,0,1,0,16,0
ch,68,Adc_pedestal,76,4,0,255,0,255,0
ch,68,Channel_off,68,4,0,1,0,8,0
ch,68,DAC_CAL_CTDC_TOA,70,4,0,63,0,63,0
ch,68,DAC_CAL_CTDC_TOT,72,4,0,63,0,63,0
ch,68,DAC_CAL_FTDC_TOA,69,4,0,63,0,63,0
ch,68,DAC_CAL_FTDC_TOT,71,4,0,63,0,63,0
ch,68,DIS_TDC,74,4,0,1,0,128,0
ch,68,ExtData,75,4,0,768,8,3,0
ch,68,ExtData,77,4,0,255,0,255,1
ch,68,HighRange,68,4,0,1,0,4,0
ch,68,IN_FTDC_ENCODER_TOA,73,4,0,63,0,63,0
ch,68,IN_FTDC_ENCODER_TOT,74,4,0,63,0,63,0
ch,68,Inputdac,64,4,0,31,0,31,0
ch,68,Inputdacpol,64,4,0,1,0,32,0
ch,68,LowRange,68,4,0,1,0,2,0
ch,68,Mask_AlignBuffer,75,4,0,1,0,128,0
ch,68,Mask_adc,69,4,0,1,0,128,0
ch,68,Mask_toa,67,4,0,1,0,1,0
ch,68,Mask_tot,68,4,0,1,0,32,0
ch,68,Probe_inv,67,4,0,1,0,128,0
ch,68,Probe_noinv,66,4,0,1,0,1,0
ch,68,Probe_pa,68,4,0,1,0,1,0
ch,68,Probe_toa,68,4,0,1,0,128,0
ch,68,Probe_tot,68,4,0,1,0,64,0
ch,68,Ref_dac_inv,67,4,0,31,0,62,0
ch,68,Ref_dac_toa,65,4,0,27,0,62,0
ch,68,Ref_dac_tot,66,4,0,31,0,62,0
ch,68,Sel_trigger_toa,67,4,0,1,0,64,0
ch,68,Sel_trigger_tot,68,4,0,1,0,16,0
ch,69,Adc_pedestal,108,4,0,255,0,255,0
ch,69,Channel_off,100,4,0,1,0,8,0
ch,69,DAC_CAL_CTDC_TOA,102,4,0,63,0,63,0
ch,69,DAC_CAL_CTDC_TOT,104,4,0,63,0,63,0
ch,69,DAC_CAL_FTDC_TOA,101,4,0,63,0,63,0
ch,69,DAC_CAL_FTDC_TOT,103,4,0,63,0,63,0
ch,69,DIS_TDC,106,4,0,1,0,128,0
ch,69,ExtData,107,4,0,768,8,3,0
ch,69,ExtData,109,4,0,255,0,255,1
ch,69,HighRange,100,4,0,1,0,4,0
ch,69,IN_FTDC_ENCODER_TOA,105,4,0,63,0,63,0
ch,69,IN_FTDC_ENCODER_TOT,106,4,0,63,0,63,0
ch,69,Inputdac,96,4,0,31,0,31,0
ch,69,Inputdacpol,96,4,0,1,0,32,0
ch,69,LowRange,100,4,0,1,0,2,0
ch,69,Mask_AlignBuffer,107,4,0,1,0,128,0
ch,69,Mask_adc,101,4,0,1,0,128,0
ch,69,Mask_toa,99,4,0,1,0,1,0
ch,69,Mask_tot,100,4,0,1,0,32,0
ch,69,Probe_inv,99,4,0,1,0,128,0
ch,69,Probe_noinv,98,4,0,1,0,1,0
ch,69,Probe_pa,100,4,0,1,0,1,0
ch,69,Probe_toa,100,4,0,1,0,128,0
ch,69,Probe_tot,100,4,0,1,0,64,0
ch,69,Ref_dac_inv,99,4,0,31,0,62,0
ch,69,Ref_dac_toa,97,4,0,27,0,62,0
ch,69,Ref_dac_tot,98,4,0,31,0,62,0
ch,69,Sel_trigger_toa,99,4,0,1,0,64,0
ch,69,Sel_trigger_tot,100,4,0,1,0,16,0
ch,70,Adc_pedestal,140,4,0,255,0,255,0
ch,70,Channel_off,132,4,0,1,0,8,0
ch,70,DAC_CAL_CTDC_TOA,134,4,0,63,0,63,0
ch,70,DAC_CAL_CTDC_TOT,136,4,0,63,0,63,0
ch,70,DAC_CAL_FTDC_TOA,133,4,0,63,0,63,0
ch,70,DAC_CAL_FTDC_TOT,135,4,0,63,0,63,0
ch,70,DIS_TDC,138,4,0,1,0,128,0
ch,70,ExtData,139,4,0,768,8,3,0
ch,70,ExtData,141,4,0,255,0,255,1
ch,70,HighRange,132,4,0,1,0,4,0
ch,70,IN_FTDC_ENCODER_TOA,137,4,0,63,0,63,0
ch,70,IN_FTDC_ENCODER_TOT,138,4,0,63,0,63,0
ch,70,Inputdac,128,4,0,31,0,31,0
ch,70,Inputdacpol,128,4,0,1,0,32,0
ch,70,LowRange,132,4,0,1,0,2,0
ch,70,Mask_AlignBuffer,139,4,0,1,0,128,0
ch,70,Mask_adc,133,4,0,1,0,128,0
ch,70,Mask_toa,131,4,0,1,0,1,0
ch,70,Mask_tot,132,4,0,1,0,32,0
ch,70,Probe_inv,131,4,0,1,0,128,0
ch,70,Probe_noinv,130,4,0,1,0,1,0
ch,70,Probe_pa,132,4,0,1,0,1,0
ch,70,Probe_toa,132,4,0,1,0,128,0
ch,70,Probe_tot,132,4,0,1,0,64,0
ch,70,Ref_dac_inv,131,4,0,31,0,62,0
ch,70,Ref_dac_toa,129,4,0,27,0,62,0
ch,70,Ref_dac_tot,130,4,0,31,0,62,0
ch,70,Sel_trigger_toa,131,4,0,1,0,64,0
ch,70,Sel_trigger_tot,132,4,0,1,0,16,0
ch,71,Adc_pedestal,172,4,0,255,0,255,0
ch,71,Channel_off,164,4,0,1,0,8,0
ch,71,DAC_CAL_CTDC_TOA,166,4,0,63,0,63,0
ch,71,DAC_CAL_CTDC_TOT,168,4,0,63,0,63,0
ch,71,DAC_CAL_FTDC_TOA,165,4,0,63,0,63,0
ch,71,DAC_CAL_FTDC_TOT,167,4,0,63,0,63,0
ch,71,DIS_TDC,170,4,0,1,0,128,0
ch,71,ExtData,171,4,0,768,8,3,0
ch,71,ExtData,173,4,0,255,0,255,1
ch,71,HighRange,164,4,0,1,0,4,0
ch,71,IN_FTDC_ENCODER_TOA,169,4,0,63,0,63,0
ch,71,IN_FTDC_ENCODER_TOT,170,4,0,63,0,63,0
ch,71,Inputdac,160,4,0,31,0,31,0
ch,71,Inputdacpol,160,4,0,1,0,32,0
ch,71,LowRange,164,4,0,1,0,2,0
ch,71,Mask_AlignBuffer,171,4,0,1,0,128,0
ch,71,Mask_adc,165,4,0,1,0,128,0
ch,71,Mask_toa,163,4,0,1,0,1,0
ch,71,Mask_tot,164,4,0,1,0,32,0
ch,71,Probe_inv,163,4,0,1,0,128,0
ch,71,Probe_noinv,162,4,0,1,0,1,0
ch,71,Probe_pa,164,4,0,1,0,1,0
ch,71,Probe_toa,164,4,0,1,0,128,0
ch,71,Probe_tot,164,4,0,1,0,64,0
ch,71,Ref_dac_inv,163,4,0,31,0,62,0
ch,71,Ref_dac_toa,161,4,0,27,0,62,0
ch,71,Ref_dac_tot,162,4,0,31,0,62,0
ch,71,Sel_trigger_toa,163,4,0,1,0,64,0
ch,71,Sel_trigger_tot,164,4,0,1,0,16,0
cm,0,Adc_pedestal,108,34,0,255,0,255,0
cm,0,Channel_off,100,34,0,1,0,8,0
cm,0,DAC_CAL_CTDC_TOA,102,34,0,63,0,63,0
cm,0,DAC_CAL_CTDC_TOT,104,34,0,63,0,63,0
cm,0,DAC_CAL_FTDC_TOA,101,34,0,63,0,63,0
cm,0,DAC_CAL_FTDC_TOT,103,34,0,63,0,63,0
cm,0,DIS_TDC,106,34,0,1,0,128,0
cm,0,ExtData,107,34,0,768,8,3,0
cm,0,ExtData,109,34,0,255,0,255,1
cm,0,HighRange,100,34,0,1,0,4,0
cm,0,IN_FTDC_ENCODER_TOA,105,34,0,63,0,63,0
cm,0,IN_FTDC_ENCODER_TOT,106,34,0,63,0,63,0
cm,0,Inputdac,96,34,0,31,0,31,0
cm,0,Inputdacpol,96,34,0,1,0,32,0
cm,0,LowRange,100,34,0,1,0,2,0
cm,0,Mask_AlignBuffer,107,34,0,1,0,128,0
cm,0,Mask_adc,101,34,0,1,0,128,0
cm,0,Mask_toa,99,34,0,1,0,1,0
cm,0,Mask_tot,100,34,0,1,0,32,0
cm,0,Probe_inv,99,34,0,1,0,128,0
cm,0,Probe_noinv,98,34,0,1,0,1,0
cm,0,Probe_pa,100,34,0,1,0,1,0
cm,0,Probe_toa,100,34,0,1,0,128,0
cm,0,Probe_tot,100,34,0,1,0,64,0
cm,0,Ref_dac_inv,99,34,0,31,0,62,0
cm,0,Ref_dac_toa,97,34,0,27,0,62,0
cm,0,Ref_dac_tot,98,34,0,31,0,62,0
cm,0,Sel_trigger_toa,99,34,0,1,0,64,0
cm,0,Sel_trigger_tot,100,34,0,1,0,16,0
cm,1,Adc_pedestal,140,34,0,255,0,255,0
cm,1,Channel_off,132,34,0,1,0,8,0
cm,1,DAC_CAL_CTDC_TOA,134,34,0,63,0,63,0
cm,1,DAC_CAL_CTDC_TOT,136,34,0,63,0,63,0
cm,1,DAC_CAL_FTDC_TOA,133,34,0,63,0,63,0
cm,1,DAC_CAL_FTDC_TOT,135,34,0,63,0,63,0
cm,1,DIS_TDC,138,34,0,1,0,128,0
cm,1,ExtData,139,34,0,768,8,3,0
cm,1,ExtData,141,34,0,255,0,255,1
cm,1,HighRange,132,34,0,1,0,4,0
cm,1,IN_FTDC_ENCODER_TOA,137,34,0,63,0,63,0
cm,1,IN_FTDC_ENCODER_TOT,138,34,0,63,0,63,0
cm,1,Inputdac,128,34,0,31,0,31,0
cm,1,Inputdacpol,128,34,0,1,0,32,0
cm,1,LowRange,132,34,0,1,0,2,0
cm,1,Mask_AlignBuffer,139,34,0,1,0,128,0
cm,1,Mask_adc,133,34,0,1,0,128,0
cm,1,Mask_toa,131,34,0,1,0,1,0
cm,1,Mask_tot,132,34,0,1,0,32,0
cm,1,Probe_inv,131,34,0,1,0,128,0
cm,1,Probe_noinv,130,34,0,1,0,1,0
cm,1,Probe_pa,132,34,0,1,0,1,0
cm,1,Probe_toa,132,34,0,1,0,128,0
cm,1,Probe_tot,132,34,0,1,0,64,0
cm,1,Ref_dac_inv,131,34,0,31,0,62,0
cm,1,Ref_dac_toa,129,34,0,27,0,62,0
cm,1,Ref_dac_tot,130,34,0,31,0,62,0
cm,1,Sel_trigger_toa,131,34,0,1,0,64,0
cm,1,Sel_trigger_tot,132,34,0,1,0,16,0
cm,2,Adc_pedestal,108,2,0,255,0,255,0
cm,2,Channel_off,100,2,0,1,0,8,0
cm,2,DAC_CAL_CTDC_TOA,102,2,0,63,0,63,0
cm,2,DAC_CAL_CTDC_TOT,104,2,0,63,0,63,0
cm,2,DAC_CAL_FTDC_TOA,101,2,0,63,0,63,0
cm,2,DAC_CAL_FTDC_TOT,103,2,0,63,0,63,0
cm,2,DIS_TDC,106,2,0,1,0,128,0
cm,2,ExtData,107,2,0,768,8,3,0
cm,2,ExtData,109,2,0,255,0,255,1
cm,2,HighRange,100,2,0,1,0,4,0
cm,2,IN_FTDC_ENCODER_TOA,105,2,0,63,0,63,0
cm,2,IN_FTDC_ENCODER_TOT,106,2,0,63,0,63,0
cm,2,Inputdac,96,2,0,31,0,31,0
cm,2,Inputdacpol,96,2,0,1,0,32,0
cm,2,LowRange,100,2,0,1,0,2,0
cm,2,Mask_AlignBuffer,107,2,0,1,0,128,0
cm,2,Mask_adc,101,2,0,1,0,128,0
cm,2,Mask_toa,99,2,0,1,0,1,0
cm,2,Mask_tot,100,2,0,1,0,32,0
cm,2,Probe_inv,99,2,0,1,0,128,0
cm,2,Probe_noinv,98,2,0,1,0,1,0
cm,2,Probe_pa,100,2,0,1,0,1,0
cm,2,Probe_toa,100,2,0,1,0,128,0
cm,2,Probe_tot,100,2,0,1,0,64,0
cm,2,Ref_dac_inv,99,2,0,31,0,62,0
cm,2,Ref_dac_toa,97,2,0,27,0,62,0
cm,2,Ref_dac_tot,98,2,0,31,0,62,0
cm,2,Sel_trigger_toa,99,2,0,1,0,64,0
cm,2,Sel_trigger_tot,100,2,0,1,0,16,0
cm,3,Adc_pedestal,140,2,0,255,0,255,0
cm,3,Channel_off,132,2,0,1,0,8,0
cm,3,DAC_CAL_CTDC_TOA,134,2,0,63,0,63,0
cm,3,DAC_CAL_CTDC_TOT,136,2,0,63,0,63,0
cm,3,DAC_CAL_FTDC_TOA,133,2,0,63,0,63,0
cm,3,DAC_CAL_FTDC_TOT,135,2,0,63,0,63,0
cm,3,DIS_TDC,138,2,0,1,0,128,0
cm,3,ExtData,139,2,0,768,8,3,0
cm,3,ExtData,141,2,0,255,0,255,1
cm,3,HighRange,132,2,0,1,0,4,0
cm,3,IN_FTDC_ENCODER_TOA,137,2,0,63,0,63,0
cm,3,IN_FTDC_ENCODER_TOT,138,2,0,63,0,63,0
cm,3,Inputdac,128,2,0,31,0,31,0
cm,3,Inputdacpol,128,2,0,1,0,32,0
cm,3,LowRange,132,2,0,1,0,2,0
cm,3,Mask_AlignBuffer,139,2,0,1,0,128,0
cm,3,Mask_adc,133,2,0,1,0,128,0
cm,3,Mask_toa,131,2,0,1,0,1,0
cm,3,Mask_tot,132,2,0,1,0,32,0
cm,3,Probe_inv,131,2,0,1,0,128,0
cm,3,Probe_noinv,130,2,0,1,0,1,0
cm,3,Probe_pa,132,2,0,1,0,1,0
cm,3,Probe_toa,132,2,0,1,0,128,0
cm,3,Probe_tot,132,2,0,1,0,64,0
cm,3,Ref_dac_inv,131,2,0,31,0,62,0
cm,3,Ref_dac_toa,129,2,0,27,0,62,0
cm,3,Ref_dac_tot,130,2,0,31,0,62,0
cm,3,Sel_trigger_toa,131,2,0,1,0,64,0
cm,3,Sel_trigger_tot,132,2,0,1,0,16,0
